author,time_in_seconds,time_text,timestamp,author_id,amount,message,ticker_duration,video_offset_time_msec,header_color,body_color
Apricot the Lich,0,-0:00,1600376423492564,UCWgv3YTAX1ucqhi6xWNnulQ,¬£10.00,"Hello Gura! Greetings from Underworld England, I loved your debut and I can't wait to follow your Hololive journey!",,0,"{'rgba': [255, 179, 0, 255], 'hex': '#ffb300ff'}","{'rgba': [255, 202, 40, 255], 'hex': '#ffca28ff'}"
Apricot the Lich,0,-0:00,1600376423492564,UCWgv3YTAX1ucqhi6xWNnulQ,¬£10.00,"Hello Gura! Greetings from Underworld England, I loved your debut and I can't wait to follow your Hololive journey!",300,0,"{'rgba': [255, 179, 0, 255], 'hex': '#ffb300ff'}","{'rgba': [255, 202, 40, 255], 'hex': '#ffca28ff'}"
Yvarg,0,-0:00,1600376423956979,UC5ExHb90dOqhRQF1m6k1D1g,$5.00,,,0,"{'rgba': [0, 191, 165, 255], 'hex': '#00bfa5ff'}","{'rgba': [29, 233, 182, 255], 'hex': '#1de9b6ff'}"
Yvarg,0,-0:00,1600376423956979,UC5ExHb90dOqhRQF1m6k1D1g,$5.00,,120,0,"{'rgba': [0, 191, 165, 255], 'hex': '#00bfa5ff'}","{'rgba': [29, 233, 182, 255], 'hex': '#1de9b6ff'}"
Guy Hartley,2,0:02,1600376429367242,UC5yP85ST3Yb8gdtsejGmPXQ,$50.00,,,2577,"{'rgba': [194, 24, 91, 255], 'hex': '#c2185bff'}","{'rgba': [233, 30, 99, 255], 'hex': '#e91e63ff'}"
Guy Hartley,2,0:02,1600376429367242,UC5yP85ST3Yb8gdtsejGmPXQ,$50.00,,1800,2577,"{'rgba': [194, 24, 91, 255], 'hex': '#c2185bff'}","{'rgba': [233, 30, 99, 255], 'hex': '#e91e63ff'}"
Dunzl,3,0:03,1600376446166778,UC_OK3Wr2wLLfwz61AF5sXGA,‚Ç¨2.00,it aint much but its an honest donation,,3254,"{'rgba': [0, 184, 212, 255], 'hex': '#00b8d4ff'}","{'rgba': [0, 229, 255, 255], 'hex': '#00e5ffff'}"
Plastic Paizuri,9,0:09,1600376507887439,UCNF6yvPmyuwy1KoJYOX1vTA,$5.00,"TINY SHARK, BIG LOVE! You help make a long day more bearable, Guwa. Can I get a CHOMP for the chumbuds?",,9587,"{'rgba': [0, 191, 165, 255], 'hex': '#00bfa5ff'}","{'rgba': [29, 233, 182, 255], 'hex': '#1de9b6ff'}"
Plastic Paizuri,9,0:09,1600376507887439,UCNF6yvPmyuwy1KoJYOX1vTA,$5.00,"TINY SHARK, BIG LOVE! You help make a long day more bearable, Guwa. Can I get a CHOMP for the chumbuds?",120,9587,"{'rgba': [0, 191, 165, 255], 'hex': '#00bfa5ff'}","{'rgba': [29, 233, 182, 255], 'hex': '#1de9b6ff'}"
knowsuchpeace,9,0:09,1600376445820134,UCwG13NcNSUw7hqvvqUoVVWA,$50.00,a,,9930,"{'rgba': [194, 24, 91, 255], 'hex': '#c2185bff'}","{'rgba': [233, 30, 99, 255], 'hex': '#e91e63ff'}"
knowsuchpeace,9,0:09,1600376445820134,UCwG13NcNSUw7hqvvqUoVVWA,$50.00,a,1800,9930,"{'rgba': [194, 24, 91, 255], 'hex': '#c2185bff'}","{'rgba': [233, 30, 99, 255], 'hex': '#e91e63ff'}"
Synthshell,10,0:10,1600376476845374,UCDeYwBUpyB6wxBQd4BldHwQ,$5.00,congrats on 300k!!!!üòÑ,,10603,"{'rgba': [0, 191, 165, 255], 'hex': '#00bfa5ff'}","{'rgba': [29, 233, 182, 255], 'hex': '#1de9b6ff'}"
Synthshell,10,0:10,1600376476845374,UCDeYwBUpyB6wxBQd4BldHwQ,$5.00,congrats on 300k!!!!üòÑ,120,10603,"{'rgba': [0, 191, 165, 255], 'hex': '#00bfa5ff'}","{'rgba': [29, 233, 182, 255], 'hex': '#1de9b6ff'}"
PhantomFlynn,12,0:12,1600376439047318,UCRyYMwkA00-VBqNuVsIw5Fg,$5.00,Shaaak!!! Congrats on 300k!,,12224,"{'rgba': [0, 191, 165, 255], 'hex': '#00bfa5ff'}","{'rgba': [29, 233, 182, 255], 'hex': '#1de9b6ff'}"
PhantomFlynn,12,0:12,1600376439047318,UCRyYMwkA00-VBqNuVsIw5Fg,$5.00,Shaaak!!! Congrats on 300k!,120,12224,"{'rgba': [0, 191, 165, 255], 'hex': '#00bfa5ff'}","{'rgba': [29, 233, 182, 255], 'hex': '#1de9b6ff'}"
Caleb Butler,13,0:13,1600376440175884,UCm8eO98UJ3ZMJKpyKqNAfhA,$0.99,,,13444,"{'rgba': [21, 101, 192, 255], 'hex': '#1565c0ff'}","{'rgba': [30, 136, 229, 255], 'hex': '#1e88e5ff'}"
Astral,14,0:14,1600376451838156,UCPcvXYxB3OlglGFMPiN6ZQA,$10.00,a,,14372,"{'rgba': [255, 179, 0, 255], 'hex': '#ffb300ff'}","{'rgba': [255, 202, 40, 255], 'hex': '#ffca28ff'}"
Astral,14,0:14,1600376451838156,UCPcvXYxB3OlglGFMPiN6ZQA,$10.00,a,300,14372,"{'rgba': [255, 179, 0, 255], 'hex': '#ffb300ff'}","{'rgba': [255, 202, 40, 255], 'hex': '#ffca28ff'}"
HAL,16,0:16,1600376455079811,UC4tmgA_czQPmvzoAmPUv2Ag,¬•500,a,,16831,"{'rgba': [0, 191, 165, 255], 'hex': '#00bfa5ff'}","{'rgba': [29, 233, 182, 255], 'hex': '#1de9b6ff'}"
HAL,16,0:16,1600376455079811,UC4tmgA_czQPmvzoAmPUv2Ag,¬•500,a,120,16831,"{'rgba': [0, 191, 165, 255], 'hex': '#00bfa5ff'}","{'rgba': [29, 233, 182, 255], 'hex': '#1de9b6ff'}"
Jeffrey K.,17,0:17,1600376456903177,UCQXLlnF7bLmcEwXehENMupg,$2.00,ü¶à,,17649,"{'rgba': [0, 184, 212, 255], 'hex': '#00b8d4ff'}","{'rgba': [0, 229, 255, 255], 'hex': '#00e5ffff'}"
Smallboss,17,0:17,1600376454930080,UCcC1AL0kQrmzew64iap3LBw,$25.00,a,,17927,"{'rgba': [230, 81, 0, 255], 'hex': '#e65100ff'}","{'rgba': [245, 124, 0, 255], 'hex': '#f57c00ff'}"
Smallboss,17,0:17,1600376454930080,UCcC1AL0kQrmzew64iap3LBw,$25.00,a,600,17927,"{'rgba': [230, 81, 0, 255], 'hex': '#e65100ff'}","{'rgba': [245, 124, 0, 255], 'hex': '#f57c00ff'}"
shinchan,20,0:20,1600376458561429,UCQyj-cIN2tI7MDnHI7SVsDA,¬•500,ü¶àÂèéÁõäÂåñ„Åä„ÇÅ„Åß„Å®„ÅÜÔºÅü¶à,,20458,"{'rgba': [0, 191, 165, 255], 'hex': '#00bfa5ff'}","{'rgba': [29, 233, 182, 255], 'hex': '#1de9b6ff'}"
shinchan,20,0:20,1600376458561429,UCQyj-cIN2tI7MDnHI7SVsDA,¬•500,ü¶àÂèéÁõäÂåñ„Åä„ÇÅ„Åß„Å®„ÅÜÔºÅü¶à,120,20458,"{'rgba': [0, 191, 165, 255], 'hex': '#00bfa5ff'}","{'rgba': [29, 233, 182, 255], 'hex': '#1de9b6ff'}"
High-Fructose Corn Syrup,21,0:21,1600376456675998,UCMflZKPWVR2gLI5SUMw1fnw,CA$25.00,a,,21437,"{'rgba': [230, 81, 0, 255], 'hex': '#e65100ff'}","{'rgba': [245, 124, 0, 255], 'hex': '#f57c00ff'}"
High-Fructose Corn Syrup,21,0:21,1600376456675998,UCMflZKPWVR2gLI5SUMw1fnw,CA$25.00,a,600,21437,"{'rgba': [230, 81, 0, 255], 'hex': '#e65100ff'}","{'rgba': [245, 124, 0, 255], 'hex': '#f57c00ff'}"
„Éà„Ç¶„Éü,34,0:34,1600376460867106,UCMhUIipFCHXk86Dtpcb8tIA,"¬•1,220",,,34138,,"{'rgba': [255, 179, 0, 255], 'hex': '#ffb300ff'}"
„Éà„Ç¶„Éü,34,0:34,1600376460867106,UCMhUIipFCHXk86Dtpcb8tIA,"¬•1,220",,300,34138,,"{'rgba': [255, 179, 0, 255], 'hex': '#ffb300ff'}"
Mr. Mister,34,0:34,1600376496005777,UC4l-V1KaRjtSTpegNY6LXxg,$5.00,a,,34716,"{'rgba': [0, 191, 165, 255], 'hex': '#00bfa5ff'}","{'rgba': [29, 233, 182, 255], 'hex': '#1de9b6ff'}"
Mr. Mister,34,0:34,1600376496005777,UC4l-V1KaRjtSTpegNY6LXxg,$5.00,a,120,34716,"{'rgba': [0, 191, 165, 255], 'hex': '#00bfa5ff'}","{'rgba': [29, 233, 182, 255], 'hex': '#1de9b6ff'}"
benjaMLG64,35,0:35,1600376462750688,UC_WwmtQHorntM7rVuwrefCg,CLP¬†500,,,35912,"{'rgba': [21, 101, 192, 255], 'hex': '#1565c0ff'}","{'rgba': [30, 136, 229, 255], 'hex': '#1e88e5ff'}"
The Omnissiah,37,0:37,1600376464313181,UCDL2PKUj6sBjImF9hJjSSrQ,CA$10.00,I dream of happy mechanical sharks.,,37324,"{'rgba': [255, 179, 0, 255], 'hex': '#ffb300ff'}","{'rgba': [255, 202, 40, 255], 'hex': '#ffca28ff'}"
The Omnissiah,37,0:37,1600376464313181,UCDL2PKUj6sBjImF9hJjSSrQ,CA$10.00,I dream of happy mechanical sharks.,300,37324,"{'rgba': [255, 179, 0, 255], 'hex': '#ffb300ff'}","{'rgba': [255, 202, 40, 255], 'hex': '#ffca28ff'}"
Oofstein,38,0:38,1600376465364865,UCmvS_UM9aQlfpaQ6pkikIoQ,CA$5.00,we love you ‚ù§‚ù§,,38515,"{'rgba': [0, 191, 165, 255], 'hex': '#00bfa5ff'}","{'rgba': [29, 233, 182, 255], 'hex': '#1de9b6ff'}"
Oofstein,38,0:38,1600376465364865,UCmvS_UM9aQlfpaQ6pkikIoQ,CA$5.00,we love you ‚ù§‚ù§,120,38515,"{'rgba': [0, 191, 165, 255], 'hex': '#00bfa5ff'}","{'rgba': [29, 233, 182, 255], 'hex': '#1de9b6ff'}"
LANFlair,40,0:40,1600376483344257,UCVRNlOwe2W_HqKX5C2QI38w,$5.00,Congrats apex predator! Shaaaaark! a,,40899,"{'rgba': [0, 191, 165, 255], 'hex': '#00bfa5ff'}","{'rgba': [29, 233, 182, 255], 'hex': '#1de9b6ff'}"
LANFlair,40,0:40,1600376483344257,UCVRNlOwe2W_HqKX5C2QI38w,$5.00,Congrats apex predator! Shaaaaark! a,120,40899,"{'rgba': [0, 191, 165, 255], 'hex': '#00bfa5ff'}","{'rgba': [29, 233, 182, 255], 'hex': '#1de9b6ff'}"
ÈúßÈõ®ÁêÜÊ≤ô,42,0:42,1600376479908893,UCN9dizHm6htkBnaxBJOpIig,"¬•1,000",A,,42199,"{'rgba': [255, 179, 0, 255], 'hex': '#ffb300ff'}","{'rgba': [255, 202, 40, 255], 'hex': '#ffca28ff'}"
ÈúßÈõ®ÁêÜÊ≤ô,42,0:42,1600376479908893,UCN9dizHm6htkBnaxBJOpIig,"¬•1,000",A,300,42199,"{'rgba': [255, 179, 0, 255], 'hex': '#ffb300ff'}","{'rgba': [255, 202, 40, 255], 'hex': '#ffca28ff'}"
–ê–Ω–¥—Ä–µ–π –û–∑–µ—Ä–æ–≤,43,0:43,1600376483119560,UCrv-_JaX4zvmPHeWC_WUT_w,RUB¬†100.00,a,,43959,"{'rgba': [0, 191, 165, 255], 'hex': '#00bfa5ff'}","{'rgba': [29, 233, 182, 255], 'hex': '#1de9b6ff'}"
–ê–Ω–¥—Ä–µ–π –û–∑–µ—Ä–æ–≤,43,0:43,1600376483119560,UCrv-_JaX4zvmPHeWC_WUT_w,RUB¬†100.00,a,120,43959,"{'rgba': [0, 191, 165, 255], 'hex': '#00bfa5ff'}","{'rgba': [29, 233, 182, 255], 'hex': '#1de9b6ff'}"
Kiet Doan,45,0:45,1600376482875941,UCA38rczxByO0C7qq43M4xKA,$5.00,Shrimp,,45964,"{'rgba': [0, 191, 165, 255], 'hex': '#00bfa5ff'}","{'rgba': [29, 233, 182, 255], 'hex': '#1de9b6ff'}"
Kiet Doan,45,0:45,1600376482875941,UCA38rczxByO0C7qq43M4xKA,$5.00,Shrimp,120,45964,"{'rgba': [0, 191, 165, 255], 'hex': '#00bfa5ff'}","{'rgba': [29, 233, 182, 255], 'hex': '#1de9b6ff'}"
Boppin' - „Éú„ÉÉ„Éî„É≥,46,0:46,1600376483149096,UCRq_M9woIuHJrseeoZCFsFQ,CA$10.00,Congrats on 300k Gura! Here's some shrimp funds!,,46601,"{'rgba': [255, 179, 0, 255], 'hex': '#ffb300ff'}","{'rgba': [255, 202, 40, 255], 'hex': '#ffca28ff'}"
Boppin' - „Éú„ÉÉ„Éî„É≥,46,0:46,1600376483149096,UCRq_M9woIuHJrseeoZCFsFQ,CA$10.00,Congrats on 300k Gura! Here's some shrimp funds!,300,46601,"{'rgba': [255, 179, 0, 255], 'hex': '#ffb300ff'}","{'rgba': [255, 202, 40, 255], 'hex': '#ffca28ff'}"
Luke,46,0:46,1600376483738052,UCRDJQpcerPqSBLku8KOI5mg,CA$10.00,Shrimpin' time,,46973,"{'rgba': [255, 179, 0, 255], 'hex': '#ffb300ff'}","{'rgba': [255, 202, 40, 255], 'hex': '#ffca28ff'}"
Luke,46,0:46,1600376483738052,UCRDJQpcerPqSBLku8KOI5mg,CA$10.00,Shrimpin' time,300,46973,"{'rgba': [255, 179, 0, 255], 'hex': '#ffb300ff'}","{'rgba': [255, 202, 40, 255], 'hex': '#ffca28ff'}"
Aleksander Eskanochavich,48,0:48,1600376475220544,UCmaBmzL13Z4MY6yGdiUQJLQ,$4.99,For the best shark,,48493,"{'rgba': [0, 191, 165, 255], 'hex': '#00bfa5ff'}","{'rgba': [29, 233, 182, 255], 'hex': '#1de9b6ff'}"
Aleksander Eskanochavich,48,0:48,1600376475220544,UCmaBmzL13Z4MY6yGdiUQJLQ,$4.99,For the best shark,120,48493,"{'rgba': [0, 191, 165, 255], 'hex': '#00bfa5ff'}","{'rgba': [29, 233, 182, 255], 'hex': '#1de9b6ff'}"
Thracker Zod,49,0:49,1600376476438605,UCAP_N3wMa-bdESljvNjXIOw,$10.00,a,,49629,"{'rgba': [255, 179, 0, 255], 'hex': '#ffb300ff'}","{'rgba': [255, 202, 40, 255], 'hex': '#ffca28ff'}"
Thracker Zod,49,0:49,1600376476438605,UCAP_N3wMa-bdESljvNjXIOw,$10.00,a,300,49629,"{'rgba': [255, 179, 0, 255], 'hex': '#ffb300ff'}","{'rgba': [255, 202, 40, 255], 'hex': '#ffca28ff'}"
Jason V,51,0:51,1600376478023171,UCoh97wyQ6CS_-y4r8WGdM2w,$5.00,"Shaaaarkkkkk, SHRIMP MODE ACTIVATED",,51259,"{'rgba': [0, 191, 165, 255], 'hex': '#00bfa5ff'}","{'rgba': [29, 233, 182, 255], 'hex': '#1de9b6ff'}"
Jason V,51,0:51,1600376478023171,UCoh97wyQ6CS_-y4r8WGdM2w,$5.00,"Shaaaarkkkkk, SHRIMP MODE ACTIVATED",120,51259,"{'rgba': [0, 191, 165, 255], 'hex': '#00bfa5ff'}","{'rgba': [29, 233, 182, 255], 'hex': '#1de9b6ff'}"
Sarah Perkins,55,0:55,1600376482229083,UCl1LmHVaOJHEmqmeIPstTTg,$5.00,Shrimp time,,55414,"{'rgba': [0, 191, 165, 255], 'hex': '#00bfa5ff'}","{'rgba': [29, 233, 182, 255], 'hex': '#1de9b6ff'}"
Sarah Perkins,55,0:55,1600376482229083,UCl1LmHVaOJHEmqmeIPstTTg,$5.00,Shrimp time,120,55414,"{'rgba': [0, 191, 165, 255], 'hex': '#00bfa5ff'}","{'rgba': [29, 233, 182, 255], 'hex': '#1de9b6ff'}"
Techmarine Martelus,57,0:57,1600376484268373,UCmPMbgJjp1W-sa9WIr4ML-g,¬£4.99,Thank you for city pop shark,,57490,"{'rgba': [0, 191, 165, 255], 'hex': '#00bfa5ff'}","{'rgba': [29, 233, 182, 255], 'hex': '#1de9b6ff'}"
Techmarine Martelus,57,0:57,1600376484268373,UCmPMbgJjp1W-sa9WIr4ML-g,¬£4.99,Thank you for city pop shark,120,57490,"{'rgba': [0, 191, 165, 255], 'hex': '#00bfa5ff'}","{'rgba': [29, 233, 182, 255], 'hex': '#1de9b6ff'}"
Shoebill-Gaming,58,0:58,1600376529523470,UChgyuBbP-kBFPPYYqPRdD6w,$1.00,,,58713,"{'rgba': [21, 101, 192, 255], 'hex': '#1565c0ff'}","{'rgba': [30, 136, 229, 255], 'hex': '#1e88e5ff'}"
phichuu,59,0:59,1600376499020589,UCg1gUNU2zP3vt5DGbeppTKA,PHP¬†50.00,a,,59703,"{'rgba': [0, 184, 212, 255], 'hex': '#00b8d4ff'}","{'rgba': [0, 229, 255, 255], 'hex': '#00e5ffff'}"
ÂÖ´Èõ≤„Çà„Åø /Yakumo Yomi,61,1:01,1600376488596812,UCcDuaxx_Lcdh2qnyaOAOLFQ,$5.00,Chumbuddies for life,,61723,"{'rgba': [0, 191, 165, 255], 'hex': '#00bfa5ff'}","{'rgba': [29, 233, 182, 255], 'hex': '#1de9b6ff'}"
ÂÖ´Èõ≤„Çà„Åø /Yakumo Yomi,61,1:01,1600376488596812,UCcDuaxx_Lcdh2qnyaOAOLFQ,$5.00,Chumbuddies for life,120,61723,"{'rgba': [0, 191, 165, 255], 'hex': '#00bfa5ff'}","{'rgba': [29, 233, 182, 255], 'hex': '#1de9b6ff'}"
aptspire,62,1:02,1600376498799742,UCyyzCA8JwNBGmIS5mHuiI0g,CA$10.00,The Seas will run RAINBOW!!!,,62719,"{'rgba': [255, 179, 0, 255], 'hex': '#ffb300ff'}","{'rgba': [255, 202, 40, 255], 'hex': '#ffca28ff'}"
aptspire,62,1:02,1600376498799742,UCyyzCA8JwNBGmIS5mHuiI0g,CA$10.00,The Seas will run RAINBOW!!!,300,62719,"{'rgba': [255, 179, 0, 255], 'hex': '#ffb300ff'}","{'rgba': [255, 202, 40, 255], 'hex': '#ffca28ff'}"
Amarrez,66,1:06,1600376548106240,UCFjJUa0iQvfc3nUbJ1I2YAA,NZ$2.00,a,,66894,"{'rgba': [0, 184, 212, 255], 'hex': '#00b8d4ff'}","{'rgba': [0, 229, 255, 255], 'hex': '#00e5ffff'}"
Takodachi404,69,1:09,1600376532019857,UCvA-hXRBQJdKTGBnKwlS_nw,$50.00,"Congrats on your monetization and over 300k subsüéâüéâüéâ l love watching your streams, they are fun and relaxing, and your singing is beautiful. I can't wait for your next karaoke stream and also ‚Ä¶‚Ä¶‚Ä¶‚Ä¶‚Ä¶‚Ä¶ a",,69146,"{'rgba': [194, 24, 91, 255], 'hex': '#c2185bff'}","{'rgba': [233, 30, 99, 255], 'hex': '#e91e63ff'}"
Takodachi404,69,1:09,1600376532019857,UCvA-hXRBQJdKTGBnKwlS_nw,$50.00,"Congrats on your monetization and over 300k subsüéâüéâüéâ l love watching your streams, they are fun and relaxing, and your singing is beautiful. I can't wait for your next karaoke stream and also ‚Ä¶‚Ä¶‚Ä¶‚Ä¶‚Ä¶‚Ä¶ a",1800,69146,"{'rgba': [194, 24, 91, 255], 'hex': '#c2185bff'}","{'rgba': [233, 30, 99, 255], 'hex': '#e91e63ff'}"
MereSlime,69,1:09,1600376524052551,UCxoCNiM1l4QWSAWoUf1tNhw,$20.00,a,,69298,"{'rgba': [230, 81, 0, 255], 'hex': '#e65100ff'}","{'rgba': [245, 124, 0, 255], 'hex': '#f57c00ff'}"
MereSlime,69,1:09,1600376524052551,UCxoCNiM1l4QWSAWoUf1tNhw,$20.00,a,600,69298,"{'rgba': [230, 81, 0, 255], 'hex': '#e65100ff'}","{'rgba': [245, 124, 0, 255], 'hex': '#f57c00ff'}"
Leo Martin,70,1:10,1600376497265006,UCzayb2zEUEMWzlH2RXKlFIQ,¬£1.99,,,70476,"{'rgba': [0, 184, 212, 255], 'hex': '#00b8d4ff'}","{'rgba': [0, 229, 255, 255], 'hex': '#00e5ffff'}"
Miguel Rodriguez,74,1:14,1600376501054021,UCQB4BzH9_ixmWywg5OqcCnQ,$5.00,,,74271,"{'rgba': [0, 191, 165, 255], 'hex': '#00bfa5ff'}","{'rgba': [29, 233, 182, 255], 'hex': '#1de9b6ff'}"
Miguel Rodriguez,74,1:14,1600376501054021,UCQB4BzH9_ixmWywg5OqcCnQ,$5.00,,120,74271,"{'rgba': [0, 191, 165, 255], 'hex': '#00bfa5ff'}","{'rgba': [29, 233, 182, 255], 'hex': '#1de9b6ff'}"
Vitruvian,74,1:14,1600376501460232,UCpQWB6HhSfvbwI53Vz5HHsw,¬£20.00,a,,74634,"{'rgba': [230, 81, 0, 255], 'hex': '#e65100ff'}","{'rgba': [245, 124, 0, 255], 'hex': '#f57c00ff'}"
Vitruvian,74,1:14,1600376501460232,UCpQWB6HhSfvbwI53Vz5HHsw,¬£20.00,a,600,74634,"{'rgba': [230, 81, 0, 255], 'hex': '#e65100ff'}","{'rgba': [245, 124, 0, 255], 'hex': '#f57c00ff'}"
Smug,75,1:15,1600376501915389,UCO_YjGI5qV1g7phdCeSP4HQ,$1.99,You should sing a song where every word is ‚Äúa‚Äù,,75179,"{'rgba': [0, 184, 212, 255], 'hex': '#00b8d4ff'}","{'rgba': [0, 229, 255, 255], 'hex': '#00e5ffff'}"
Flan,75,1:15,1600376502016104,UCEWmbnORHsy3fTurEwVhceA,$5.00,"Hi Gura! I enjoy watching your streams, and I love your singing. Please do a karaoke stream!",,75196,"{'rgba': [0, 191, 165, 255], 'hex': '#00bfa5ff'}","{'rgba': [29, 233, 182, 255], 'hex': '#1de9b6ff'}"
Flan,75,1:15,1600376502016104,UCEWmbnORHsy3fTurEwVhceA,$5.00,"Hi Gura! I enjoy watching your streams, and I love your singing. Please do a karaoke stream!",120,75196,"{'rgba': [0, 191, 165, 255], 'hex': '#00bfa5ff'}","{'rgba': [29, 233, 182, 255], 'hex': '#1de9b6ff'}"
endless bagel,76,1:16,1600376503507055,UClvK9B19_aokTHNeoZddyCw,$5.00,a,,76648,"{'rgba': [0, 191, 165, 255], 'hex': '#00bfa5ff'}","{'rgba': [29, 233, 182, 255], 'hex': '#1de9b6ff'}"
endless bagel,76,1:16,1600376503507055,UClvK9B19_aokTHNeoZddyCw,$5.00,a,120,76648,"{'rgba': [0, 191, 165, 255], 'hex': '#00bfa5ff'}","{'rgba': [29, 233, 182, 255], 'hex': '#1de9b6ff'}"
Golden LT,76,1:16,1600376503724219,UCEsM6DzrJ4cnKSp9udNcXeA,$2.00,.................................................a,,76860,"{'rgba': [0, 184, 212, 255], 'hex': '#00b8d4ff'}","{'rgba': [0, 229, 255, 255], 'hex': '#00e5ffff'}"
OoXKami,79,1:19,1600376506504415,UCs4ZHHsPkvVrsXbt6kXFojA,CA$20.00,a,,79613,"{'rgba': [230, 81, 0, 255], 'hex': '#e65100ff'}","{'rgba': [245, 124, 0, 255], 'hex': '#f57c00ff'}"
OoXKami,79,1:19,1600376506504415,UCs4ZHHsPkvVrsXbt6kXFojA,CA$20.00,a,600,79613,"{'rgba': [230, 81, 0, 255], 'hex': '#e65100ff'}","{'rgba': [245, 124, 0, 255], 'hex': '#f57c00ff'}"
xav,79,1:19,1600376506581046,UCKlje-g9rid4ZTQhgvp3J-g,$5.00,a‚ù§ü¶ê,,79726,"{'rgba': [0, 191, 165, 255], 'hex': '#00bfa5ff'}","{'rgba': [29, 233, 182, 255], 'hex': '#1de9b6ff'}"
xav,79,1:19,1600376506581046,UCKlje-g9rid4ZTQhgvp3J-g,$5.00,a‚ù§ü¶ê,120,79726,"{'rgba': [0, 191, 165, 255], 'hex': '#00bfa5ff'}","{'rgba': [29, 233, 182, 255], 'hex': '#1de9b6ff'}"
Neveril,80,1:20,1600376507386042,UCJeOb_wNfYAN6aVERqtt5_A,CA$20.00,SHAAAAAAAAAA,,80538,"{'rgba': [230, 81, 0, 255], 'hex': '#e65100ff'}","{'rgba': [245, 124, 0, 255], 'hex': '#f57c00ff'}"
Neveril,80,1:20,1600376507386042,UCJeOb_wNfYAN6aVERqtt5_A,CA$20.00,SHAAAAAAAAAA,600,80538,"{'rgba': [230, 81, 0, 255], 'hex': '#e65100ff'}","{'rgba': [245, 124, 0, 255], 'hex': '#f57c00ff'}"
Ghastler _,80,1:20,1600376507691961,UC2IxpJlR2uSyNzK54oCtKJw,$10.00,TAKE THIS MONEY BEAM,,80832,"{'rgba': [255, 179, 0, 255], 'hex': '#ffb300ff'}","{'rgba': [255, 202, 40, 255], 'hex': '#ffca28ff'}"
Ghastler _,80,1:20,1600376507691961,UC2IxpJlR2uSyNzK54oCtKJw,$10.00,TAKE THIS MONEY BEAM,300,80832,"{'rgba': [255, 179, 0, 255], 'hex': '#ffb300ff'}","{'rgba': [255, 202, 40, 255], 'hex': '#ffca28ff'}"
J Slugg,83,1:23,1600376510462570,UCqwWYbJiqCSBKVBUnFImZLQ,$10.00,Shrimpin ain't easy,,83649,"{'rgba': [255, 179, 0, 255], 'hex': '#ffb300ff'}","{'rgba': [255, 202, 40, 255], 'hex': '#ffca28ff'}"
J Slugg,83,1:23,1600376510462570,UCqwWYbJiqCSBKVBUnFImZLQ,$10.00,Shrimpin ain't easy,300,83649,"{'rgba': [255, 179, 0, 255], 'hex': '#ffb300ff'}","{'rgba': [255, 202, 40, 255], 'hex': '#ffca28ff'}"
masterfreelance99,83,1:23,1600376510522524,UCMQINXfEY2N48EnPvuaHkQw,$5.00,„Çπ„Éë„ÉÅ„É£„ÉÉ„Éà„Åä„ÇÅ„Åß„Å®„ÅÜ!,,83655,"{'rgba': [0, 191, 165, 255], 'hex': '#00bfa5ff'}","{'rgba': [29, 233, 182, 255], 'hex': '#1de9b6ff'}"
masterfreelance99,83,1:23,1600376510522524,UCMQINXfEY2N48EnPvuaHkQw,$5.00,„Çπ„Éë„ÉÅ„É£„ÉÉ„Éà„Åä„ÇÅ„Åß„Å®„ÅÜ!,120,83655,"{'rgba': [0, 191, 165, 255], 'hex': '#00bfa5ff'}","{'rgba': [29, 233, 182, 255], 'hex': '#1de9b6ff'}"
Zaczac111,84,1:24,1600376558942308,UCZJJae5lG2jdrtJopbo32Ng,$5.00,Time to shrimp fellow Chumbuds.,,84846,"{'rgba': [0, 191, 165, 255], 'hex': '#00bfa5ff'}","{'rgba': [29, 233, 182, 255], 'hex': '#1de9b6ff'}"
Zaczac111,84,1:24,1600376558942308,UCZJJae5lG2jdrtJopbo32Ng,$5.00,Time to shrimp fellow Chumbuds.,120,84846,"{'rgba': [0, 191, 165, 255], 'hex': '#00bfa5ff'}","{'rgba': [29, 233, 182, 255], 'hex': '#1de9b6ff'}"
Á©¥ÁÜä„Åæ„Äú,85,1:25,1600376512078537,UCwmlBYQOgLjpdV9pA9CFfnA,¬•500,a,,85138,"{'rgba': [0, 191, 165, 255], 'hex': '#00bfa5ff'}","{'rgba': [29, 233, 182, 255], 'hex': '#1de9b6ff'}"
Á©¥ÁÜä„Åæ„Äú,85,1:25,1600376512078537,UCwmlBYQOgLjpdV9pA9CFfnA,¬•500,a,120,85138,"{'rgba': [0, 191, 165, 255], 'hex': '#00bfa5ff'}","{'rgba': [29, 233, 182, 255], 'hex': '#1de9b6ff'}"
Aurelion Smol,85,1:25,1600376530064773,UC1hn6BOgCn4cEX1Qu15PhCQ,PHP¬†250.00,Shrimp for the Best Shark,,85933,"{'rgba': [255, 179, 0, 255], 'hex': '#ffb300ff'}","{'rgba': [255, 202, 40, 255], 'hex': '#ffca28ff'}"
Aurelion Smol,85,1:25,1600376530064773,UC1hn6BOgCn4cEX1Qu15PhCQ,PHP¬†250.00,Shrimp for the Best Shark,300,85933,"{'rgba': [255, 179, 0, 255], 'hex': '#ffb300ff'}","{'rgba': [255, 202, 40, 255], 'hex': '#ffca28ff'}"
Hooded Shirts,86,1:26,1600376513513348,UCZ1nuoH-Fn3ncJIfrs2DbDQ,$10.00,ü¶à See you in a couple weeks at ONE MILLION CHUMBUDS! ü¶à,,86674,"{'rgba': [255, 179, 0, 255], 'hex': '#ffb300ff'}","{'rgba': [255, 202, 40, 255], 'hex': '#ffca28ff'}"
Hooded Shirts,86,1:26,1600376513513348,UCZ1nuoH-Fn3ncJIfrs2DbDQ,$10.00,ü¶à See you in a couple weeks at ONE MILLION CHUMBUDS! ü¶à,300,86674,"{'rgba': [255, 179, 0, 255], 'hex': '#ffb300ff'}","{'rgba': [255, 202, 40, 255], 'hex': '#ffca28ff'}"
Diego Becerra,89,1:29,1600376516291299,UCBrPIuzX0cnr7b_WuIyrUbg,"CLP¬†2,500",a.,,89492,"{'rgba': [0, 191, 165, 255], 'hex': '#00bfa5ff'}","{'rgba': [29, 233, 182, 255], 'hex': '#1de9b6ff'}"
Diego Becerra,89,1:29,1600376516291299,UCBrPIuzX0cnr7b_WuIyrUbg,"CLP¬†2,500",a.,120,89492,"{'rgba': [0, 191, 165, 255], 'hex': '#00bfa5ff'}","{'rgba': [29, 233, 182, 255], 'hex': '#1de9b6ff'}"
Amy cupcakevice,89,1:29,1600376516547190,UCLaBBKFpuFKqbpg77gE5Zww,¬£2.00,I wish you and bloop many happies!,,89701,"{'rgba': [0, 184, 212, 255], 'hex': '#00b8d4ff'}","{'rgba': [0, 229, 255, 255], 'hex': '#00e5ffff'}"
SimplyBB,89,1:29,1600376528889465,UCBUoYdm7HwFLlOP7GjZVbOg,$10.00,a ü¶àü¶àü¶à,,89847,"{'rgba': [255, 179, 0, 255], 'hex': '#ffb300ff'}","{'rgba': [255, 202, 40, 255], 'hex': '#ffca28ff'}"
SimplyBB,89,1:29,1600376528889465,UCBUoYdm7HwFLlOP7GjZVbOg,$10.00,a ü¶àü¶àü¶à,300,89847,"{'rgba': [255, 179, 0, 255], 'hex': '#ffb300ff'}","{'rgba': [255, 202, 40, 255], 'hex': '#ffca28ff'}"
necronii,89,1:29,1600376540387529,UCnx7FFmKIia0ELJ0qj0FqNA,$5.00,CHUMBUDDIES RISE UP,,89874,"{'rgba': [0, 191, 165, 255], 'hex': '#00bfa5ff'}","{'rgba': [29, 233, 182, 255], 'hex': '#1de9b6ff'}"
necronii,89,1:29,1600376540387529,UCnx7FFmKIia0ELJ0qj0FqNA,$5.00,CHUMBUDDIES RISE UP,120,89874,"{'rgba': [0, 191, 165, 255], 'hex': '#00bfa5ff'}","{'rgba': [29, 233, 182, 255], 'hex': '#1de9b6ff'}"
Ji≈ô√≠ Kune≈°,90,1:30,1600376580329971,UCb-2EYnpCIh3nMVPdogtsiQ,CZK¬†50.00,a,,90564,"{'rgba': [0, 191, 165, 255], 'hex': '#00bfa5ff'}","{'rgba': [29, 233, 182, 255], 'hex': '#1de9b6ff'}"
Ji≈ô√≠ Kune≈°,90,1:30,1600376580329971,UCb-2EYnpCIh3nMVPdogtsiQ,CZK¬†50.00,a,120,90564,"{'rgba': [0, 191, 165, 255], 'hex': '#00bfa5ff'}","{'rgba': [29, 233, 182, 255], 'hex': '#1de9b6ff'}"
Alex,91,1:31,1600376518060314,UCgKz6_P1A_gbhguiXCYkmcQ,CA$20.00,city pop shark,,91201,"{'rgba': [230, 81, 0, 255], 'hex': '#e65100ff'}","{'rgba': [245, 124, 0, 255], 'hex': '#f57c00ff'}"
Alex,91,1:31,1600376518060314,UCgKz6_P1A_gbhguiXCYkmcQ,CA$20.00,city pop shark,600,91201,"{'rgba': [230, 81, 0, 255], 'hex': '#e65100ff'}","{'rgba': [245, 124, 0, 255], 'hex': '#f57c00ff'}"
KongoBongo ÈáëÂâõ„Éú„É≥„Ç¥,91,1:31,1600376518562691,UCAEq_3Lfyv-A_dUh-UdRmTA,$5.00,Shaaaark!,,91732,"{'rgba': [0, 191, 165, 255], 'hex': '#00bfa5ff'}","{'rgba': [29, 233, 182, 255], 'hex': '#1de9b6ff'}"
KongoBongo ÈáëÂâõ„Éú„É≥„Ç¥,91,1:31,1600376518562691,UCAEq_3Lfyv-A_dUh-UdRmTA,$5.00,Shaaaark!,120,91732,"{'rgba': [0, 191, 165, 255], 'hex': '#00bfa5ff'}","{'rgba': [29, 233, 182, 255], 'hex': '#1de9b6ff'}"
delinquent boy,92,1:32,1600376519527289,UCdFSYqUi6WG2graZobvMjRQ,$19.99,THANK YOU SO MUCH FOR YOUR RHYTHM GAME STREAMING IT MAKES ME SO HAPPY YOURE MY FAVORITE. SHAAAARJ,,92768,"{'rgba': [230, 81, 0, 255], 'hex': '#e65100ff'}","{'rgba': [245, 124, 0, 255], 'hex': '#f57c00ff'}"
delinquent boy,92,1:32,1600376519527289,UCdFSYqUi6WG2graZobvMjRQ,$19.99,THANK YOU SO MUCH FOR YOUR RHYTHM GAME STREAMING IT MAKES ME SO HAPPY YOURE MY FAVORITE. SHAAAARJ,600,92768,"{'rgba': [230, 81, 0, 255], 'hex': '#e65100ff'}","{'rgba': [245, 124, 0, 255], 'hex': '#f57c00ff'}"
BearWizard,93,1:33,1600376526494145,UCnvFpthV66Cp4Hh_d6d_mRw,$5.00,a,,93151,"{'rgba': [0, 191, 165, 255], 'hex': '#00bfa5ff'}","{'rgba': [29, 233, 182, 255], 'hex': '#1de9b6ff'}"
BearWizard,93,1:33,1600376526494145,UCnvFpthV66Cp4Hh_d6d_mRw,$5.00,a,120,93151,"{'rgba': [0, 191, 165, 255], 'hex': '#00bfa5ff'}","{'rgba': [29, 233, 182, 255], 'hex': '#1de9b6ff'}"
johnzero7,93,1:33,1600376520629651,UC2nXxw8-acfSAdJD4RaPpwA,ARS¬†100.00,WOW 300K !!!! Congratulations!!!!!,,93828,"{'rgba': [255, 179, 0, 255], 'hex': '#ffb300ff'}","{'rgba': [255, 202, 40, 255], 'hex': '#ffca28ff'}"
johnzero7,93,1:33,1600376520629651,UC2nXxw8-acfSAdJD4RaPpwA,ARS¬†100.00,WOW 300K !!!! Congratulations!!!!!,300,93828,"{'rgba': [255, 179, 0, 255], 'hex': '#ffb300ff'}","{'rgba': [255, 202, 40, 255], 'hex': '#ffca28ff'}"
„Çå„Åµ„ÅÉ,94,1:34,1600376520859341,UCdL_VfAQPcw0b40wBv1snKQ,¬•610,I love it very much and will continue to support you.,,94071,"{'rgba': [0, 191, 165, 255], 'hex': '#00bfa5ff'}","{'rgba': [29, 233, 182, 255], 'hex': '#1de9b6ff'}"
„Çå„Åµ„ÅÉ,94,1:34,1600376520859341,UCdL_VfAQPcw0b40wBv1snKQ,¬•610,I love it very much and will continue to support you.,120,94071,"{'rgba': [0, 191, 165, 255], 'hex': '#00bfa5ff'}","{'rgba': [29, 233, 182, 255], 'hex': '#1de9b6ff'}"
Justin 163,94,1:34,1600376521636489,UCnYzmzxLWRnPEYL5iDvFvmA,A$5.00,ü¶à Shrimp for shaaark ü¶à,,94676,"{'rgba': [0, 191, 165, 255], 'hex': '#00bfa5ff'}","{'rgba': [29, 233, 182, 255], 'hex': '#1de9b6ff'}"
Justin 163,94,1:34,1600376521636489,UCnYzmzxLWRnPEYL5iDvFvmA,A$5.00,ü¶à Shrimp for shaaark ü¶à,120,94676,"{'rgba': [0, 191, 165, 255], 'hex': '#00bfa5ff'}","{'rgba': [29, 233, 182, 255], 'hex': '#1de9b6ff'}"
Anime Dave,96,1:36,1600376539212972,UCEwe1WhKzCzfYU5rUTdbxMw,$5.00,Shrimp fund,,96575,"{'rgba': [0, 191, 165, 255], 'hex': '#00bfa5ff'}","{'rgba': [29, 233, 182, 255], 'hex': '#1de9b6ff'}"
Anime Dave,96,1:36,1600376539212972,UCEwe1WhKzCzfYU5rUTdbxMw,$5.00,Shrimp fund,120,96575,"{'rgba': [0, 191, 165, 255], 'hex': '#00bfa5ff'}","{'rgba': [29, 233, 182, 255], 'hex': '#1de9b6ff'}"
Adexo,97,1:37,1600376524643782,UCc6Va6LZTUM38c95CRMeOCQ,PLN¬†25.00,Let's gooo,,97769,"{'rgba': [0, 191, 165, 255], 'hex': '#00bfa5ff'}","{'rgba': [29, 233, 182, 255], 'hex': '#1de9b6ff'}"
Adexo,97,1:37,1600376524643782,UCc6Va6LZTUM38c95CRMeOCQ,PLN¬†25.00,Let's gooo,120,97769,"{'rgba': [0, 191, 165, 255], 'hex': '#00bfa5ff'}","{'rgba': [29, 233, 182, 255], 'hex': '#1de9b6ff'}"
