author_id,message,author,time_text,time_in_seconds,video_offset_time_msec,timestamp,badges
UCc4KFrcicGcy0vp_JhXhhCA,Techno Support,he discovered first fun,-0:00,0,0,1597516925073495,
UCnUvceNlV-aDPDKeUw6yRXQ,17 min,Karimu izerimana,-0:00,0,0,1597516925082631,
UC4wzcM0MeT2pnK1EYX8B8nw,Phil is making drugs,thet 439,0:02,2,2664,1597516926528738,
UC0V4DwbE-6MHIEtlGt65bNA,pog,Diego Zucca,0:02,2,2867,1597516926731740,
UCjUDpfCh6Zj8qxdhOTX7bAg,Can't wait to see everyone getting tilted cuz techno and dream are in the same team,Lucky Star,0:03,3,3269,1597516927133463,
UCd-IpFTPLzOmbNBoGMYp5BA,hiii got ur snacks??,Scarlett,0:03,3,3434,1597516927298599,
UCvxZI-b4csQAat7JEHj9z6w,‚ù§ T E C H N O D R E A M üíö,bvhdm,0:03,3,3552,1597516927416427,
UCpeP17crrTkm9QC4pb-fmQw,‚ù§TECHNOSUPPORT‚ù§,poloniumdrops,0:04,4,4006,1597516927871225,
UCjdoU_WJacCRQOEGyH4Nw-A,set reminder people,Meliodas Lostvayne,0:04,4,4225,1597516928090229,
UCPkJyA9dUzkx_f53pxvBQBw,PINK PARROTS SUPPORT üå∏üê§,Oc√©ane Tir,0:04,4,4522,1597516928386434,
UCZdbj9bJDSJfH4l1O33VMvA,i think they put dream and techno on the same team on purpose. nywayüê∑‚ù§Ô∏èÔ∏è,cohen teschke,0:06,6,6217,1597516928583110,
UCSrJhOkdN1c3GnGTdGeSsLQ,‚ù§ TECHNO SUPPORT ‚ù§,jeuc,0:06,6,6531,1597516928897817,New member
UCaLZmOcmLX3Eu3b3vNskjyQ,POGGERS,spacie,0:07,7,7050,1597516929416194,
UCzWF8LYLvVK3wUOe2XJCIWQ,:_TechnoStare:what is dis emote,se7en,0:07,7,7065,1597516929431823,Member (3 months)
UCa305YdIJUreACCUhlPV11Q,‚ù§ TECHNO SUPPORT ‚ù§,First Sympton,0:07,7,7260,1597516929626424,
UCJ-B8TdVubINkAnTzYq32ig,dream streaming as well,May,0:07,7,7351,1597516929717504,
UCWoJVcJNsJ_YRxHqC3J15YQ,BLOOD FOR THE BLOOD GOD,Jare Bear,0:07,7,7502,1597516929868870,New member
UCA9ix6wGwbhZdPnIkDkWfng,Techno blade,Brix Fountain,0:07,7,7833,1597516930199142,
UCWyzqYlwTltaqDK6mrzUiGQ,TECHNOSUPPORT,–Ç–æ—Ä—í–µ –ò–≤–∞–Ω–æ–≤–∏—õ,0:07,7,7976,1597516930342714,
UCxj44V324tWH7e4cH9VRFGw,ok we all know who is going to win,Rose,0:07,7,7993,1597516930359543,
UCtA8-GWaMilSEAWZGtY_5_g,unpopular opinion,Don't Sub To Me I am Useless,0:09,9,9801,1597516931114143,
UCH20mBeeR7C-pFHnsgf-RiA,Shrek,Onion Picker,0:10,10,10014,1597516931327344,
UCjyEWBzegYgWaQBm9w2cF6Q,i think the team will win,Lubna Alhakeem,0:10,10,10146,1597516931459358,
UCfi0PX3E3p58NkUlIpRC2JQ,‚ù§Ô∏èüíóTECHNOSUPPORTüíó‚ù§Ô∏è,KpopLover 123,0:10,10,10511,1597516931824243,
UCJ05-IH1TPL_i0cwzwm2TrA,‚ù§Ô∏è TECHNOSUPPORT ‚ù§Ô∏è,Calin Mihai Chiperi,0:11,11,11937,1597516933267969,
UConRaKo1obOLvqwKtippZiA,POGGERS,Invisible,0:12,12,12692,1597516934023008,
UCWVOMHYgCnOF03Y2XlGWFuA,:_TECHNOSUPPORT:,√ü,0:13,13,13120,1597516934451297,
UCsh3a0K0veTOLW8W8Z68cIg,Dreams thumbnail is hilarious,Baconnwaffles0,0:13,13,13507,1597516934824747,
UCvRoxBZX8OeYG_amYev7aZQ,TECHNO IS STARTING,Hayase Sama,0:14,14,14024,1597516935341590,
UCvZs1cXk0GrNsGBx99gMjGQ,IM WAITING MY HEART ABOUT TO BURST,Toe Aung,0:14,14,14232,1597516935549437,
UCbiFzuGTU7BeVx-jYJjKKYw,:_TechnoHeart::_TechnoHeart::_TechnoHeart:,adult man,0:14,14,14318,1597516935635558,Member (3 months)
UCjWcyLpuHdsb1DuNsnTSBAQ,notfound is practicing,Oblivious Dreamor,0:14,14,14824,1597516936141690,
UCg1sqBxUL4pSx_e7ucXL7dA,stream hasn't started yet and techno already made some money... jesus,Aquantis PL,0:14,14,14927,1597516936244955,
UCV3VlLRjf0wPqyVeKmbbYtw,BLOOD FOR THE BLOOD GOD!,Seenbean,0:15,15,15035,1597516936352073,
UCF5T_qkpjrMSG-MmmQVBJ4w,PARROT SUPPORT,Simplytechno,0:15,15,15244,1597516936561967,
UChHaGp5Nhwlqp9mhndJ2PTg,‚Äã‚ù§TECHNOSUPPORT‚ù§,SkelePower,0:15,15,15794,1597516937116489,
UCM2szf14W9DY_9t8Fgq521A,ree,Aleph,0:15,15,15796,1597516937119401,
UCQ5-C7ntdKFlIvEmNqsvpHg,‚ù§ T E C H N O S U P P O R T ‚ù§,Jean Ortiz,0:15,15,15943,1597516937265417,
UC2GF34F84-YJffPZIDN1vxw,üò≤,Suskueve,0:16,16,16080,1597516937402653,
UCng1WnVQxlESrXUOkt44iBA,???,Obssesivly Analytical,0:16,16,16509,1597516937831968,
UCMjIcNYR8XYshDObHRmYQVg,TECHNO,TheOrenjiPotato,0:16,16,16923,1597516938246335,Member (6 months)
UCkiQh_N86kTOoFrCOD5XOLw,DREAM,GamerNinjaBilly,0:16,16,16948,1597516938271043,
UCV_uimC6gk27OI1ZYgjO3vQ,HELLLLLLLLLOOOOOOO,Mr. HY - Malay Anime Covers,0:16,16,16961,1597516938283454,
UCMwQ4qchO7k-HHTyuA0aBHQ,‚ù§ TECHNOSUPPORT ‚ù§,Angelina The Owl,0:17,17,17333,1597516938655625,
UCTR9u-2k-PmvYHngbAu_Zuw,LETTTTSSSS GOOOOOOOOOOOOOOOOOOOO,Twilight Star,0:17,17,17393,1597516938716397,
UCtj7PRlSMHrTOPKSf39IQjA,OOH WAI,allison will,0:17,17,17626,1597516938968737,
UC8CLHDX_aDx26cF7Tv66n4w,TECHNOSUPPORT,yandere. exe,0:17,17,17913,1597516939255011,
UC2K1O-9XzTxUbeX2i8HoFGQ,ITS ON,Arrow,0:17,17,17971,1597516939313441,
UCffEKiincEZwGvCppNBIAgA,ooooo,Jasmine Cruz,0:17,17,17982,1597516939324249,
UC2gdNPKHX4vpzXD-m1TRBPQ,techno,Henry‚Äôs Clubhouse,0:18,18,18678,1597516940020430,
UCb6ul-S5dZtb7aAffqkCphw,Pog,Grilled Cheese,0:18,18,18684,1597516940026575,
UCdBvL8_u67lI95Vg-FWy7IA,Dream team,Bloxyen,0:18,18,18915,1597516940257429,
UCgP5qHMm8esFQN7bsRFy-2w,techno,Atsi,0:19,19,19186,1597516940528706,Member (1 month)
UCfi0PX3E3p58NkUlIpRC2JQ,ITS STARTING,KpopLover 123,0:19,19,19352,1597516940694974,
UC85tcTa-bbLBnV1sS5WbUgA,lol,EmeraldStarGaming ',0:19,19,19597,1597516940939836,
UCFVjBIOeqblEgk968nXetDg,Techno support,Emerald Gaming,0:19,19,19779,1597516941042134,
UCOdyXfVcKNhasPEaFNAznfw,LATE,Tejas Gupta,0:19,19,19933,1597516941195899,
UCQYBVL0bgQRg4MfszHuJEOA,dreamnoblade,Cutie_ Alex,0:19,19,19947,1597516941210634,
UCfXx_KP3KuEZTZLqOT_N8NQ,Yo,AcleverPassword,0:20,20,20171,1597516941434101,
UC3REInt8YERz_cjwtOALlkw,YES,Rn1024,0:20,20,20881,1597516942144505,
UC0TW3KvSWpkhcCl2Umet8Lw,POG,Karma,0:20,20,20983,1597516942246335,
UCP9iGzQTXgMVVeHcH_3OZzg,Ey,Wouter de Bruin,0:21,21,21114,1597516942377348,
UCKozr5CHZf7_HYe2GUy72-A,POG,ahmo2op,0:21,21,21301,1597516942563961,
UCyOm--LkjzTmmez5fVAA9qQ,POGCHAMP,nyhao,0:21,21,21379,1597516942641892,
UCKK3scKSrO-6a-FG9CqrsZQ,HEY,Hair J,0:21,21,21423,1597516942686526,
UCrr9EQRKhLlcaW6k6ID7ZuA,YAYAYAYY,taiyxkii,0:21,21,21735,1597516942997802,
UCWPmce2IeAkl45RxMBjX9Ag,‚Äã‚ô•Ô∏èTECHNO SUPPORT‚ô•Ô∏è,David Gervais,0:21,21,21878,1597516943164951,
UCZvdtJT8LW6opGOL6tw0uxg,THE DREAM TEAM,1 1,0:21,21,21897,1597516943184191,
UC9WW95vRgjl1wnRClvomWCA,POG,Jooponie,0:21,21,21949,1597516943235678,
UC4G5o3D30jO47R_kekRfGTg,HEY TECHNO,bl√°th,0:21,21,21971,1597516943257971,
UC_asXAhF-kAnX4VYJK_wNfA,‚ô•Ô∏èTECHNO SUPPORT‚ô•Ô∏è,Sleeply Gremlin,0:22,22,22011,1597516943297302,
UCQ70QQ8_uUIrt3fMBraFW_g,TECHNO POG,Frostickle,0:22,22,22133,1597516943419569,
UCg_6QCo1JqNeKipGItfk-aA,wuuuuuuuuu,Marcos Torres,0:22,22,22175,1597516943462040,
UCURgnMlt5mYg1DljsImFivQ,He‚Äôs not even here yet,incorect63,0:22,22,22213,1597516943500195,
UCrBuWM7j3d9ZXbvPGL0op3w,LETS Go,OlavPlays1,0:22,22,22450,1597516943736940,
UCNCc2hTT5BUs6ykVkbxbFmw,hallo üôã,mintygirl84,0:22,22,22741,1597516944027307,
UCKVf3itJe_X_H_JwSpetp4A,"WE""RE LIVE",Benjamin J.,0:22,22,22780,1597516944067000,
UC-LblYKN2By0fAIwiLOM4qg,POG,Abraham Jiang,0:23,23,23032,1597516944319054,
UCCb_njMl2ffihB9JW8HhTww,AYEEE,Vitrex,0:23,23,23129,1597516944415875,
UCUHXBJcL_a8YQynPP8Ah1vw,Poggggg,Grant MacDonald,0:23,23,23160,1597516944446702,
UCi_rpzMO13j6RW255n2wJ3w,streaming starting,LMFAO,0:23,23,23193,1597516944479535,
UCbwyJMz0vxJai8luW8iveNw,POG?,Strongest card Ace of spades,0:23,23,23512,1597516944798685,
UCl4dzOKcpcseLJq623DV8Ig,YO,YaBoiSatya,0:23,23,23514,1597516944800674,
UCLjmHovsfaNroQk5eKJTmXw,TECHNOO,Gabi Barenberg,0:23,23,23675,1597516944961976,
UCUtD1G8Hqsts88_O-7yq6rw,yes,Flaming Timelord [FTL YT],0:23,23,23820,1597516945137400,
UCTpCdZC7SN_e_b_WbXAB9Pg,hello techno,Adeeb Harb,0:24,24,24230,1597516945546911,
UCWg0REbsm4tJGUx3qyE-D4Q,hiiiiiii,Matthew Soliz,0:24,24,24462,1597516945778579,
UCuAgmCiidi-CJZnHX7NrFkA,YESSIR,Vigro Vigro,0:24,24,24953,1597516946269622,
UC0eNsWM9JmTXTWPqr-pn5jw,üí™üèºtechno,Andrea Gaio,0:25,25,25379,1597516946695944,
UCY6aLI_yUA_agqDW0N37R-g,late,MiniMin,0:25,25,25742,1597516947058536,
UC2LdLajWor6s8m4iAiP0GDw,Pog,Tiny noob,0:25,25,25785,1597516947102267,
UCTG1E80Dhz4_StaFroGw-2g,YES,owo soph,0:25,25,25793,1597516947109675,
UCs5tZ3mvthQLSjIgW0ASICA,Yesss,Gavin Chen,0:26,26,26025,1597516947313535,
UC59Wrf6gBE580Cfb-LtY9gw,POGGERS,Grafik Komputerowy,0:26,26,26108,1597516947396955,
UC8NoZh9K5avbiwBpn3gAa8w,pog,Pikpi Art,0:26,26,26216,1597516947504811,
UCzJDEhkGWl8FIOqxeGMDl0w,hey,Ulti2407,0:26,26,26660,1597516947948569,
UCwFMRHHDqG7GlUa4Ak5P3hg,Let‚Äôs go,Finlay Waddington,0:26,26,26683,1597516947971177,
UCnYAmDmvYSvgZGHs1x5q1VQ,POG,ttteeedddoooggg _,0:26,26,26933,1597516948221297,
UCqYKlwubYWzrsR5W26mR8cA,WOAH,amon,0:27,27,27204,1597516948492943,
UCET-sIJ13b0tqbELwqGvE4Q,POG,Nick Olinger,0:27,27,27523,1597516948811445,
UCVpdj9F0h4ipq2R-kZ_JWgw,TECHNO,Classia _I,0:27,27,27730,1597516949018535,
UCHSI4-AMJbYpjPa_Bu_K30g,hello,Temsaya,0:27,27,27987,1597516949304988,
UC7N-W7J1XJyY_u3a1hsRR4w,Aa!!,IAmCatto,0:28,28,28054,1597516949372064,
UCSSjZqHhNHjhBE9UBcA4Hig,TECHNO,nice,0:28,28,28094,1597516949412360,
UCYz4Xw6U0igQT7r2HsMDsug,yew,Arnbj√∏rn Bjarnarson,0:28,28,28102,1597516949419860,
UCtj7PRlSMHrTOPKSf39IQjA,OH YEAH,allison will,0:28,28,28288,1597516949606133,
UCH8wX4yfTLRUpStpA_xykYQ,Yooooooooo,TheRealSepTive,0:28,28,28396,1597516949714439,
UCIsanlO9OF-ORqIp5pRSlww,YES,Piotr Wi≈õniewski,0:28,28,28470,1597516949787865,
UCLuSMBppIcvKjNnttf1KfWw,EZZZ,CaptBlade,0:28,28,28604,1597516949921842,
UCyNDJ5upiQAPLvL4ZORCnJQ,TECHNO,Excitin,0:28,28,28656,1597516949973885,
UCzUQo7gDqB4MYrNhVyoOEKw,HELLO,[] bread [],0:28,28,28774,1597516950091834,
UCRN2ciA4MEM6U793FOwfmzw,:elbowcough:,CrackerWhacker,0:29,29,29495,1597516950813183,
UC3BuLToyzcnAopfJTJe7KgQ,Techno lets win,MILIAKTS HAVEN,0:29,29,29503,1597516950821370,
UCWztEzepZrviyIEnINuborQ,AYOOOOOOO,Rianna :P,0:29,29,29801,1597516951119089,
UCBSFUNf_qYQ1SajDhBbco9Q,HI,Mia Alvarez,0:29,29,29838,1597516951165899,
UCgGhazqOP5za1UVFS9yuUQg,Techno,Nate Fryling,0:29,29,29944,1597516951271908,
UCMDykvPAulYF9pPScGfNB5A,YEEEEEEEEEEAH,Jack Cooley,0:29,29,29972,1597516951299630,
UCgEZhENV8p3_KrlbUh9RRJw,YAAAAY,Sam -,0:30,30,30003,1597516951330259,
UCmp5YYyrKHsI0dbVMZ9DItQ,HELLO HELLO,Adele Christian,0:30,30,30120,1597516951447302,
UCWcN9xlqJndUzawvEzRP3ag,LMAO,Sammi.3x3,0:30,30,30158,1597516951485614,
UCG5--7RaDKfe5g4fudoStRw,Ok,Random person on the internet,0:30,30,30403,1597516951730416,
UCafpHX_OU0NJ2CHihvQUqCA,hhhh,KENNOODLE,0:30,30,30572,1597516951899610,
UCVzsGmkLqn383DQc4lM86Yg,woo,Denreib,0:30,30,30835,1597516952162252,
UCAyAvYPk1_ML58qR2BUCrAw,REMEMBER TO SPAM USEFUL TIPS DURING MCC INSTEAD OF JUST CATCHPHRASES,Creator 290,0:31,31,31079,1597516952406995,
UCUbK0ML2ktO_L6Uv8PAatKA,Technosupport,Dragonflight55,0:31,31,31158,1597516952485544,
UCS0OwNbdQAMtsZtq4wzwnVQ,technosupport,Vaca the Cow,0:31,31,31592,1597516952919397,
UCTrZ4piYATSfEvyxLtMOnXw,hello,Tom Steed,0:31,31,31761,1597516953088986,
UCEfcn5tFkQnzkBoM60bLgcg,YO,ariessing,0:31,31,31772,1597516953099213,
UCE7TP_RCgBVpll0PY4JGpQQ,TECHNO STREAM,Clyst,0:31,31,31889,1597516953213214,
UCWSRHzKtHTExoRcHNp4tzKg,Heyyyy,Xymah,0:32,32,32139,1597516953463349,
UCc2C9iSGYEkDMxrk1FxMo0w,why are people stanning over techno and dream,TakoKing2121,0:32,32,32189,1597516953513706,
UCYxzrLUCp2iL5Vy0vgKZ8ew,LETS GOOOOOOOOOOO,Miniwa,0:32,32,32399,1597516953723608,New member
UCeQ4hxd1Ve77d3V_RpjSolA,Yooooooo,Synatic Dez,0:32,32,32707,1597516954031534,
UCe3Om_SAND8r3l59kF8v2NQ,POG,Zup Cun,0:32,32,32710,1597516954034081,
UCJMTPzEN92JK0SkEqCR8WlQ,Pog,Catthewood 74,0:32,32,32833,1597516954157269,
UCRRnAwfpsG8FDIdG-8bJ6_A,TECHNOO,aeriesdreaming,0:33,33,33092,1597516954415817,
UC1c-m5vLrKhAdfLpvfTmA1Q,Hi,KonradGamerTV,0:33,33,33177,1597516954501149,
UC0AAL-Bj2bFaN6Q-juYy5Jg,POGGGGG,amnxsi4,0:33,33,33271,1597516954595389,
UC8GDBFmh7kMA79Edhd15B-g,HELLLO,sqntax,0:33,33,33580,1597516954904541,
UCzfMlzIIrrBtlUpI9knNmlQ,Pog,Dominio‚Äôs Pizza,0:33,33,33605,1597516954929708,
UCMY0hKlTK2g0HtcbF4aGX0w,HELLO,Darklight._. World,0:33,33,33682,1597516955005992,
UClqS7jFNtjoM4S85MXcuJ5w,POG,NitroRabbit,0:33,33,33887,1597516955353270,
UCuHDmPchUvgjV4Ti_EPedRA,hiiiii,siria.,0:33,33,33915,1597516955381802,
UCrBFTBnqW832JVYl1pUqoOg,Hi,Jordan Plays,0:33,33,33963,1597516955429245,
UCntRcIIx57xNjS0fcAqzj1g,Pog,FreeeShavacado QT,0:33,33,33970,1597516955436905,
UCDkblkwWOrseTtAhUaSKo3g,HEYYY,postscratch,0:33,33,33979,1597516955445166,
UCXsq9CTUP5qAtAuh4H_M4UA,TECHNO POG,TakingBackJerusalem,0:34,34,34005,1597516955471486,
UC3aPRw-rTiaAIKRhbrZQ7gw,Your screen,HamX,0:34,34,34025,1597516955492063,
UCnWBTFJEfTEkk3GDMPXQSPw,hi,Minecraft Lets plays,0:34,34,34146,1597516955612883,
UCAlCfXp-FJuLOguKAYMI6-w,yo,Nicole Jimenez,0:34,34,34281,1597516955748094,
UCaEEHxow0MP2Q58NWya-Kxw,POGGG,ElenaWolfy,0:34,34,34331,1597516955797923,
UCQ1SBjH_9gwsx947WISQxTg,AYYYYYYYYYY,maybeitsright,0:34,34,34538,1597516956004879,
UCgWbIzHhCLmWh8m64-VQLGw,bruhh,IGNS ST,0:34,34,34598,1597516956064578,
UCNSKfSPxg5pA7j3d2MhMI4Q,yes,Manga Reader 831,0:34,34,34697,1597516956163250,
UC2WVuFFcGxaLPMDBlYFhMgQ,Bra,LaZe Creed,0:34,34,34702,1597516956168612,
UCbsLutWaWuTYR1rhAJ5Z_zQ,YO,Klance is canon thankyou,0:34,34,34751,1597516956217206,
UCE6CNtEuMp0gDiW7pY30aiw,yeeeeeeasss,tttlol101,0:34,34,34811,1597516956278045,
UCWYv5jTNY6Bd6mMR6EB3gdg,Hi love!!,Aslym,0:34,34,34877,1597516956344069,
UCMoYIwovJi1x124A0igJImw,LIVE!!!,FireLightSounds,0:35,35,35146,1597516956612930,
UCSlptJ1152hhis3qz-Wf5lA,pog,zach the zoomer,0:35,35,35218,1597516956684378,
UC1KBALk6VSG8J7BagwkZV5Q,i love you,bigdaddy_Urtrash,0:35,35,35458,1597516956925098,
UCy_A330Rql3j9WxmV233fQQ,hewwo,NOAH ROSE,0:35,35,35548,1597516957014259,
UCiqW64E5OwwwDbcwzm8C2gA,Yooooo,Ahmad Basim,0:35,35,35556,1597516957022318,
UCFeyAASaL_VihfWgpd4POTw,HIIIIIIIIIIIIIIIIIIIIII,TriGN,0:35,35,35600,1597516957066716,
UCsma5TLmEZ7162NWMFett6w,yoooooooooo,WeAreBigPedals,0:35,35,35682,1597516957148445,
UCX5o1qKZ8VZFgWq5KgmbpuQ,it has began,Landon 543,0:36,36,36242,1597516957539212,
UCnsTBXJ4Nx08zGhRkDG7HNg,HI TECHNO,Your Worst Nightmare,0:36,36,36382,1597516957678436,
UCiHq3V9SogtodSdSOggWIYw,Omg,Michael The Microwave,0:36,36,36430,1597516957727260,
UCPSKnUW-toYWTTmD6eDfyZQ,I am so early,Grindiflin,0:36,36,36816,1597516958113282,
UCvxPTSK_x1Nw18r6f_tROIw,‚Äã‚Äã‚ù§ TECHNOSUPPORT üíö,Totoba S,0:36,36,36926,1597516958222972,
UCIsanlO9OF-ORqIp5pRSlww,TECHNOSUPPORT,Piotr Wi≈õniewski,0:37,37,37000,1597516958297121,
UCcIDXWQ3igEWNwHyM_FOZPA,omg,Mihai Dragu»õa,0:37,37,37324,1597516958620785,
UC60sFnLUmv7HF01CZjMQuaQ,boiiiii,NIGHTMAN,0:37,37,37420,1597516958716655,
UCqMh9ESJ6AlWnGmtM3METBA,Yeeee,ItsFrickenMe,0:37,37,37696,1597516958993071,
UCgynPIVDKC6shermi01ammw,heyo,Adeel Ali,0:38,38,38296,1597516959614182,
UCM6lkob4l2DQgZSHqPnNIyQ,Hiii,Lizzy Epping,0:38,38,38298,1597516959615575,
UCkMO4zGw5Fi68wYGYti44uQ,Pog,pleeo,0:39,39,39101,1597516960419108,
UCv3Uf6HGmHgXj78B17lxpUA,POG,Sandur,0:39,39,39313,1597516960630788,
UCDplKgsEM1nuP5_1_-MUxVg,pog champ,Dexterity,0:39,39,39428,1597516960745844,
UCh236e9kRrWFqE1r_oAz0nw,THECHNO POG,Mr. Doot,0:39,39,39673,1597516960991216,
UC8pOpk1Q7rZIE-kWCSsRYDA,TECHNOOOOOO,Kouros JAVAHERI,0:39,39,39740,1597516961058219,
UCxgZAhoIXgIntSX7T_K748A,he have spoken,XENO_XIN,0:39,39,39785,1597516961103209,
UCHS3keurbRBXiW6mX2-oRfw,POGGERS,Caitlyn Kaye,0:39,39,39824,1597516961142025,
UCbkyWJPzjN6g4g63zgfS2Iw,YEAAAA,PuppyGirl0918,0:39,39,39975,1597516961293194,
UCL8xG5KA3Eza2WPZVuInvhQ,GODSPEED TECHNO,aqualeon_,0:40,40,40213,1597516961544489,
UCrI5FljNaJQ5fiIqGFpJT5Q,We win these????,KeytonoX,0:40,40,40275,1597516961606010,
UCfsRcrmspQgEuhkjarFcEWQ,wooo!,zimmyo,0:40,40,40489,1597516961820388,
UCG0ThursH4oSjbbxPYNKY9g,POG,Moved to the channel in my about page,0:40,40,40523,1597516961854506,
UCU2DzH3kg2FmZN-Vcx0DNQw,Hi,james halliday,0:40,40,40762,1597516962093304,
UCtJSHIewgiTD33OtUuT7OLQ,"oh shot u scared me, i was tab off--",Wendigo - Tales,0:40,40,40981,1597516962312555,
UCwd_5Pp4IpSsby88yqSVcXw,OMG TECHNOBLADE,Christian Salides,0:41,41,41079,1597516962410054,
UCqQrI5nRg5szu-R1HYb0oTg,too good,Blazegaming,0:41,41,41147,1597516962478402,
UCL5HKjbzRvXrkI8vNdkS7hA,HEYY,Minecraft Person,0:41,41,41148,1597516962478925,
UCRDbcFEhjjc4oZs9XTYr-Xg,LATE,Your friendly Neighbor Dan,0:41,41,41227,1597516962558796,
UCMvVBswt7yM4R18FJ9GeYFg,too,Mushui Zhu,0:41,41,41240,1597516962571562,
UChuSzE-vx6poJ-C6G8E9-6A,What‚Äôs up,_ xProjek,0:41,41,41694,1597516963025441,
UCvv_HX6zHhWnddNmL3gWK_w,omg tachnoblade,b word bro,0:41,41,41695,1597516963026105,
UCniZr6jRWcwheVOmn2YPgTg,TECHNOPOG,The Fish Man,0:41,41,41700,1597516963031583,
UChRecY97589V5WhDnSSmpNw,POG,PongoPower,0:41,41,41921,1597516963252266,
UCm7gpkSTx0R4cgbPjK3Hy7w,oh yeah,Logan Cole,0:42,42,42267,1597516963586336,
UCelOSTMrhLIJ000NdOPFpTg,Hi,Crocogile,0:42,42,42318,1597516963637268,
UCAyjmYFjPt1-3HSPR_SeGVg,techno support,Edgar,0:42,42,42595,1597516963914144,
UCEyhDWAPhAqfgn6QzFwEypw,late,Cobra,0:42,42,42757,1597516964075927,
UCFNP4bU6ut8PSnHexyahHSA,Reeeee,Techno Support,0:42,42,42835,1597516964153736,
UCJGPNyh8iETGtMqREtjofUQ,TECHNOSWAG,TomatoManPan YT,0:42,42,42848,1597516964167340,
UCMRughKFc-rXiQjbLLlpZxw,techno support,Tarzan 666,0:43,43,43325,1597516964643959,
UCCXUQQk7BGl9caD1XfvPwFQ,WOOOOOOO,Lovely Dreams Microwave,0:43,43,43509,1597516964828372,
UCVoKP3MSHwIFO2dabEM6W2g,Hi,lil Weeb,0:43,43,43561,1597516964880348,
UCdyPbflpSMAsyD44wFxbmMw,Heyyyyy,Not Joxkz,0:43,43,43613,1597516964932397,
UCCB0HlUZcfOn8gkL5Ce67RQ,AYYYYYYYY,ÍßÅA genderless donutÍßÇ,0:43,43,43853,1597516965171886,
UCh6znmKfuHV1qhLPXZlfl0w,Pog,Seby T.,0:44,44,44029,1597516965348434,
UCm_1nF9KLHsIsgbO5fzdazQ,ITS HAPPENING,Communist Dog,0:46,46,46604,1597516968015225,
UC-gxUEO3bSYPjKV_giAuHjA,TECHNO SUPPORT IS HERE!!!!!!,Macknificent 101,0:46,46,46622,1597516968033582,
UClPFejn_E0ToC7iobNUQ4iA,OHHHHHHHH,Baby Yoda,0:46,46,46646,1597516968057203,
UCw0zgODF45LCSB_k4JTYM8A,YES YES YES,lemonade man,0:46,46,46674,1597516968085838,
UCIsanlO9OF-ORqIp5pRSlww,TECHNO IS LIVE YES,Piotr Wi≈õniewski,0:46,46,46794,1597516968205911,
UCJbgIuyIwCPp6E0KB0Y7_JA,POG,Scarlet Cript,0:47,47,47218,1597516968629596,
UCw4aZL-j8gJm9pcGEGGNiWg,TECHNODREAM STREAMMM,„Éä„Ç™Naotozo,0:47,47,47393,1597516968805094,
UC_1q-N4dDdI8XFwLnFI5iVA,WOWZA,Dmitri the Grape,0:47,47,47664,1597516969075639,
UCaBDWklw5quL5ozu3oq0qow,LATEW,Open Space,0:47,47,47845,1597516969257139,Member (7 months)
UCE6wa5ov8yLE7wvTWQkR8mQ,yoooo,Spayce,0:47,47,47910,1597516969321834,
UC1sbemYsYgxx48tY89XxH2w,Dream team?,Jackson Lindsay,0:48,48,48201,1597516969628951,
UCRqb-C-BgfftTdHapniZX2g,Aye techno!,Amelia Johnston,0:48,48,48501,1597516969929912,
UCc_Tdr9Hg_YC4LKT1AWgnjg,TEEEECHNOBLAAAAAADEEEEE,Optimal Unknown,0:48,48,48592,1597516970020533,
UCZPDEosKcmT4cCccj_yfqZQ,what the,Pooky Tobias,0:48,48,48907,1597516970335161,
UCm8wPCo88DAburuoNOT2iJA,Late,ABlockOfCoal,0:49,49,49045,1597516970473288,
UCqQ8mx0KZotkQPKOupRWacQ,late,Mikexeon Mobile,0:49,49,49121,1597516970549430,
UCsJJ1S0e-irFBo4dj2jlVcQ,E,Alejandro Hernandez,0:49,49,49230,1597516970658035,
UCqZNXMYaJ23nOXpjLQn4OdQ,LATE,MangoMania,0:49,49,49408,1597516970835964,
UC0NCEjIuE9tCctkaIEqN8rA,AYYYYY,spacemilk,0:49,49,49652,1597516971080909,
UCUY2l6sRghBy7s9QoU-FUXQ,Late,ThePugOverLord,0:49,49,49742,1597516971170295,
UC5C4DD7NsUD8t-fRt0LWvzg,HELLOOOOOOOOO,sarah y.,0:49,49,49806,1597516971234244,
UCzsqP5C2cYMOcjecg5DeduA,ITS EARLY POG,Chopkeys,0:49,49,49829,1597516971257094,
UCqzqnyeAaPeA_9Mxls2rhKg,LATE,num472 productions,0:49,49,49852,1597516971280674,
UCCKIuu50RUeYHyurbGOnhKw,late,Carson Child,0:50,50,50052,1597516971480437,
UCAj_k-nbo_V4oFufw-l01hw,AYYYYY,Brigid,0:50,50,50101,1597516971529126,
UC9biwD2iR3oMppVznC8oYJw,TECHNOBLADE I LOVE YOOOUUUUU,Heck,0:50,50,50361,1597516971755637,
UCkjJFWX3lCpW4xrpci_4DBQ,yooo,frw0zrn,0:50,50,50790,1597516972184809,
UCqNnGqQ0XfZ-x4w3CuZ4yMQ,late,Bƒóbras,0:50,50,50897,1597516972291969,
UCM9xchhJ4MY2Gj1Eo0zaJZw,Late,keith Mahatamachai,0:50,50,50981,1597516972376439,
UCi6BPNQ-IMKzVwgi8uBYykQ,Late,Bente W.,0:51,51,51003,1597516972398207,
UCbQ0VxvH9_dJi2AyOl_mw4g,late,Once Twice,0:51,51,51059,1597516972454609,
UCbawMWX7oB8j5b6WO3ancBg,LATE,UmjiWillGrow WithBeef,0:51,51,51254,1597516972649206,
UCYROCHXgQYoqYpD2yQLo-nw,lol,kacper SZMAL,0:51,51,51315,1597516972710367,
UCSlYbJquUqRtBMmfuQIOPNA,Late!,Ender Chicken228,0:51,51,51471,1597516972866098,
UCKvIZ4oA58URdRVwYFj-l7g,LATE,frick central,0:51,51,51491,1597516972885903,
UCee7jaejHXwDjgoCmYAMosg,Late,LaurasEdward Taylor,0:51,51,51558,1597516972952718,
UCYjjfmn4RdjSNRiNX-xy0OQ,ez,xsilverr,0:51,51,51725,1597516973120529,
UCShrDikGrixULy6v-Tcxt8A,hello,ant boy,0:51,51,51942,1597516973337284,
UCFlHyMa4hzfaJcNqb7d9GcA,Late,Thejuicest Bacon,0:51,51,51967,1597516973362281,
UCHBkqgPhUZaCL5aV2n0hbHA,late,G G,0:52,52,52093,1597516973488520,
UC9S9g9jpR-yqqqEbJz5bssg,Late,Bruh moment Am I right?,0:52,52,52096,1597516973491156,
UCdCb0JJ6_-CbK_T14VqiftA,Late,Alex Radgaming,0:52,52,52188,1597516973583308,
UCCd_Q5sUVMjSJbZxke3pL_Q,Late,D0ggo,0:52,52,52606,1597516973971636,
UCAh48RYU5MCqbx9vPpZDFPQ,:elbowcough:,Loomsy Nimo,0:52,52,52666,1597516974032211,
UCiMj0KozwV25axv5y-z3fyw,late,GoCrafterGo,0:52,52,52921,1597516974286858,
UCtOZQMHRyHiOTznqUq_wk1Q,LATE,Elizabeth L,0:53,53,53090,1597516974456030,
UC3UG-Qy7AzYU_SZvHH9UTPg,Ooooh dreeeeaaaam,codenameMILK,0:53,53,53122,1597516974487503,
UCvyO2c4-eGGy9lxRkcFyQAA,Pog,DragoLonk,0:53,53,53268,1597516974634351,
UCutywXRhoe9QPtZrH0I2IVg,tecno,pig1111q,0:53,53,53317,1597516974683292,
UCa91wyK-HjP87LGO7vurVFQ,early,RURF,0:53,53,53333,1597516974698528,
UCwjgtJDdSFe2hxV4yqR2YLA,LETS GO,Ashley Solis-Garcia,0:53,53,53447,1597516974812942,
UCESr4zDNuKFBblTL4jwYM1A,LATE,fatamo,0:53,53,53540,1597516974905485,
UCVC6GnI8yBqHtWOAddoFtYg,late,Hugo Hoekstra,0:53,53,53767,1597516975133193,
UCdSPzGfHJ-Oo27ofHnftA9w,Late,Xatus,0:53,53,53777,1597516975143376,
UCGTKwZZIaEhPNV5y1i2HRVA,LATE,Railgun-,0:53,53,53785,1597516975151245,
UCpxFCV1G_dwAKJz7sLqR0Pg,LATE,Talan Pearson,0:53,53,53915,1597516975280776,
UCfe5gxnI7fhrWenEfDHBX7A,EARLY,Mutarbo,0:54,54,54269,1597516975635165,
UC5Ch5x429E8sMHJ6l3FAtVQ,YO,Blazeplayz god,0:54,54,54414,1597516975785286,
UCwmrWf46N2jCzrsrhqA4_qQ,hallo,InfernoManPlayz,0:54,54,54486,1597516975857506,
UC_CDzIXYrAdMWUvhDMawMBg,early,Nathaniel Flynn,0:54,54,54550,1597516975921314,
UCP9iGzQTXgMVVeHcH_3OZzg,Early,Wouter de Bruin,0:54,54,54715,1597516976086962,
UCalOoZdxXL0vSzVi5npeN9w,early,Leland Carpenter,0:54,54,54718,1597516976089969,
UCdMJz3zTlFcfQu8b0go53Pg,late,HentaiAddict,0:55,55,55022,1597516976394118,
UCk9Cb0BBL83vOIAxj3qK0CA,LATE!,Jett Pennington,0:55,55,55043,1597516976414435,
UCsBIEsXEG5k3PNRwBRxAX7Q,late,NullBlade,0:55,55,55575,1597516976946590,
UCuyhWgp07azseYL-WSMfwtQ,EARLY,Nathan Knudson 2025,0:55,55,55994,1597516977365340,
UClCm_c_hySHpJGVL1Qznulg,Techno,Carl Kellen,0:56,56,56006,1597516977378080,
UCsVP8ngtz7Qj3UHHgfbN5JA,THANK U,Power Clan,0:56,56,56354,1597516977743638,
UC6-r9yMhcLYehYiYb9_MWWw,Deea,ilikemeself,0:56,56,56365,1597516977754515,
UCL8WuSB_rKr3HCqe_EtToYw,EARLY,AMachine44,0:56,56,56707,1597516978095833,
UCxDtlSISlIrxU6ueYbLt0_w,EARLY,EC Gaming,0:56,56,56802,1597516978191445,
UC4CM7WPb9J9gkppw7C_e45Q,Drechno,DALBlackRose,0:57,57,57179,1597516978568693,
UCIViBdw0zAE1uEUZrl7G-2Q,LATE,Norwich Are the best,0:57,57,57338,1597516978726805,
UCcqqh3s9BcYdRwtpUSvdXaw,Texhni,Henry Weinerth,0:57,57,57560,1597516978948962,
UC-cJkabfD1BxK5f3p389eZg,EARLY,Ingrid Vance,0:57,57,57590,1597516978978795,
UCK2uaWOT0lYjuRADllAm4Ag,EARLY EARLY EARLY EARLY,TentacleBoi,0:57,57,57984,1597516979373299,
UCZtu4v4rfpY5COTAg3sTXvQ,Spam late,TTrollkoo 1157,0:58,58,58087,1597516979476707,
UCUDsdGq4Q7E7W0mNJ5GYXhA,This is going to be a bloodbath.,Tirimor Greyshield,0:58,58,58333,1597516979796511,
UCPPoXehZNehCItwQmSr1iHw,LATE,Mr_Dirt,0:58,58,58652,1597516980114959,
UCaz7iRoeoXNbq7bmzFhp3_w,Heyyyyy,Secretive,0:58,58,58783,1597516980246177,
UCtP4-dWHp4qfLMvdtwbAbsQ,TECHNOOO PLEAAE NOTICE MEEEEEEEEEEEEEEEE,DacianEmpire,0:59,59,59312,1597516980774983,
UCi9EZ23xV0VrvMNf-u0aHOg,LATE,"Hi, it‚Äôs Zane",0:59,59,59576,1597516981039408,
UCmjme_x50slMZn6cy33Mmcg,Late,DD767,0:59,59,59579,1597516981041743,
UCMhPLUSdnQyX5d368D61RxQ,LATE,Hacker Killer,0:59,59,59608,1597516981070746,
UCMFMizgJa943zfTGummaJgg,LATE,Rica Mae Cruz,0:59,59,59752,1597516981214861,
UCCvwY2SCZKReaK65BuDFnoA,Yesssssyes,Bo Bo,0:59,59,59757,1597516981220616,
UC1YNyF8PbGjxe5d7yUfx3NA,EARLY,Fox trot,1:00,60,60143,1597516981606036,
UCFgLdMqzom3RwbUfAE_YAOw,Early,Big Boy,1:00,60,60545,1597516981927108,
UCY7YQqD0wuMIgVSVqdK6tHA,POG,Just Chilling,1:00,60,60620,1597516982002806,
UC5VoPOoH7AvhG0Jd7uGUMLA,we just jumped+ 5000,Siempre Fi JRE,1:00,60,60696,1597516982078683,
UCGQoAoZoyJO74pZu9XhoI7A,OMGGGG POGGERS IN THE CHT BOISSS,Pikachu Chicken,1:01,61,61199,1597516982581428,
UCZ_02Z_BSGLSrwq5E1PFrkQ,Dream team,Colin Popcorn,1:01,61,61205,1597516982587718,
UCU3gvDKo8a_aleIo4q25-oA,late,Acoustic Trident,1:01,61,61289,1597516982671598,New member
UCU5mrX0ecN1F9q3x3QjC-uA,SPAM EARLY,Hawaiian Ping,1:01,61,61448,1597516982830962,
UC6wEoNyNFVQsvpLcpBd7sEg,Late,jack raines,1:01,61,61452,1597516982834202,
UCxSjY3bqh84-Q3bWoO0owkA,EARLY üò°,Leycree,1:01,61,61499,1597516982881835,
UCbtsWnwo8lTue68lOC3qUNQ,LATE,thedog man,1:01,61,61618,1597516983000705,
UC-FnRsBDi0RhItHDwXqNLqQ,Late,Kate Walker,1:01,61,61934,1597516983316878,Member (10 months)
UCKWjOlGZSmKtk5VyVtQlcOQ,Early,Blu Blu,1:02,62,62024,1597516983406330,
UCTIRo4qf9M1rqPwer_LrFeA,dreamblade,R,1:02,62,62462,1597516983825892,
UCwDWRfKilLmaysRXBhhKLIA,Wut,Antking5007,1:02,62,62543,1597516983907071,
UC3xKdD3_HG-6_32jgCcygcQ,LATE,1WithTheDragon,1:02,62,62641,1597516984004483,
UCAf7fG516GBJOzWoWxjtoOQ,late,Fridge Man,1:02,62,62874,1597516984237931,
UCNWPU30Aj5FqO2WI4OBhZ7A,LATE,photo.,1:02,62,62972,1597516984335460,
UCbcKqgnPM3g2XjU7YW9E3_Q,Late,Yetus Metus,1:03,63,63000,1597516984363706,
UC4TU7NfKqPIO2YRjAqHJYlw,late,SirDannerz,1:03,63,63150,1597516984514170,
UCYJh5jVPYjUOAc7jbimdZWg,Late,Ricky Drew,1:03,63,63758,1597516985121783,
UCeGQwMbiXkPnbQNeTB5QO0g,late,stewylove,1:03,63,63986,1597516985349487,
UCOaXjGo5AJscnodwUYd5lWQ,early,Tony Banan,1:04,64,64019,1597516985382594,
UCDVKbjEuoz2zUjCBfzai7Bw,LAAAATE,Nathan Pendergrast,1:04,64,64092,1597516985456199,
UCXXXWutjCliPBBc2UqFDuhg,late,Sper cy,1:04,64,64117,1597516985480370,
UC9biwD2iR3oMppVznC8oYJw,I LOVE YOU TECHNOBLADEEE I LOVEEE YOUU,Heck,1:04,64,64494,1597516985836693,
UCxseen4X_YkWftRvoCMD1CA,Earrllyyyy,Dom the Bomb,1:04,64,64642,1597516985984770,
UCFmSJ52LBVWGLoF1DgMHDGQ,late,Rodrigo Dornelles,1:04,64,64973,1597516986315096,
UC-os_AnZ9hWZmxdP7EUKdpg,Late,nick huynh,1:05,65,65018,1597516986360742,
UCmWTP1FZiwvUydri4spxHXQ,LATE,Ninjapilot10,1:05,65,65087,1597516986429757,
UCk-URBudC0jKtvIGP8CESUQ,Ô∏è TECHNO SUPPORT‚ù§üíöÔ∏è DREAM BIGüíö,Wiro,1:05,65,65261,1597516986603773,
UCoysyv6RnxU1Zi3boS6lqWg,shoosh,Spud Matix,1:05,65,65342,1597516986684475,
UCmVJv-N2Qa3v5mn5iF-iEwA,Sup techno,Diih,1:05,65,65404,1597516986746892,
UCBrPk-pLye78X_wtkJtKzkA,Late,"100,000 subscribers with no Vids",1:05,65,65500,1597516986842537,
UCdEWbWOML_Lj9Oxt_Lq_4kA,LATE,Samuel Fuller,1:05,65,65563,1597516986905716,
UCurSby4KfaAJX-VpzVzZXFA,Early,Adler Goehring,1:05,65,65671,1597516987013236,
UCkxMCwWdx2i5KoqmRjUX7SQ,LATE,CBYRD,1:05,65,65679,1597516987021613,
UCCKSIlwo_uT4sD3dXbfDs9g,WITH DREAM OMGGG,Cheesbjrger,1:05,65,65683,1597516987025555,
UCWt1KucgwD-MqkyfzXz_-Ig,EARLY,Acid_Trap21,1:05,65,65752,1597516987094485,
UCaLFNEKBB671imvFmYKtFxA,Late,Greek,1:05,65,65942,1597516987284522,
UCe00-Gs8Xp0GQ1o4mKOG7Mg,Less gooo,Daniel LOPEZ,1:06,66,66170,1597516987512100,
UCiOldWjFYZYVrc4Qxo9ZnyQ,EARLY,Deni Mozh,1:06,66,66323,1597516987665153,
UCwl1bQPIZSFVSwYQ4nQsOoA,POG,cantankerous,1:06,66,66598,1597516987908848,
UC1UtkTXHotr_fI1xDakpdCA,LATE,Jake The Reaper,1:06,66,66612,1597516987923054,
UC22fblozLVN-CBtZ5jJpPDg,late,Mason Hong,1:06,66,66646,1597516987956631,
UC1RpsEknCAx42yWArhox97g,Late,The Yeetanator,1:06,66,66936,1597516988246689,
UCo_vuBUpT88zZh6N1B7UWLg,Mr Beast challenge,Cakesismyjam 321,1:07,67,67040,1597516988351080,
UCWtvbh5uMBkUxqxuywTmFhw,EYYYYYYYYYYYYYY TECHNO,dyslike B0t,1:07,67,67225,1597516988536116,
UC7ptBLQaEzSGpVlNUfTBQsA,LATE,William Varda,1:07,67,67591,1597516988901835,
UCQ5iecio2GXSwCbEf39KKAg,LATEEE,Funnygirls CZ,1:08,68,68196,1597516989507117,
UCoENCKvKG42O_pivT2gg7Bw,late,Harry Taylor,1:08,68,68535,1597516989845997,
UCxMFuIsUf_SAVgU7WMVt3_Q,Late,El Ni√±o,1:08,68,68685,1597516990034047,
UCSpkpo5E83nkWueV9D4I9VQ,Early,Something Something,1:08,68,68759,1597516990107704,
UCfVkwRjGnHor70hYLos4L7g,early,TeveHere,1:08,68,68782,1597516990131183,
UCdczoXd1xKVYmEZklAh2qdQ,LMAOOO,Y tho,1:09,69,69044,1597516990392682,
UCx8sWOW0x5rSp2ln0nN--Hg,POG,SonOfLostkin,1:09,69,69104,1597516990452382,
UC9m6phbQD87omUVCmRGAL2g,dreamblade!!!!,Yessurr,1:09,69,69167,1597516990515948,
UCL5HKjbzRvXrkI8vNdkS7hA,EARLY,Minecraft Person,1:09,69,69182,1597516990530558,
UCUzZhM0b24GQn4V8Ml8TRLg,üíûüíûüíûüíû,Freaking Genius,1:09,69,69245,1597516990593451,
UCfhneD4h2v231hWEyQ4DpXA,late,Fred Hutchings,1:09,69,69273,1597516990621453,
UCvTA11SNsD7rlci4cIi0Iyw,late,entity x,1:09,69,69413,1597516990761571,
UCrF9j3Cc9vJ1drKU1BpvG-Q,Late,Wolfie4994,1:09,69,69911,1597516991259712,
UCj3JhxXkr7LsryBe69qhx9g,Early,thesmellybanana 50,1:10,70,70337,1597516991685543,
UCQJQRSSP5L1FFpz7mD450og,henlo this is my first stream,Gabe Animates,1:10,70,70398,1597516991747285,
UCG6GPpxFizl7p_HTr96eo4w,TECHNO AND DREAM OMG THEY WILL DESTROY EVERYONE,Orenvig,1:10,70,70522,1597516991901207,
UC0mFr_47FrpfVBxX_6YWCIg,LATE,Emilio Chavez,1:10,70,70536,1597516991884866,
UC-DLTGuX98vG8VTdIMzoFUg,LATE,Mole Gang,1:10,70,70547,1597516991926379,
UCr6Xc1AnK7_dsc70NdvI06Q,LATE,Sasnakk,1:10,70,70714,1597516992093396,
UCMUnJu6Nn6JrGQvvkHf80sQ,late,Aeneas Schofield,1:10,70,70919,1597516992297815,
UCMjFRyvSPeVIEghN7OBlvJg,late,DS Flit,1:10,70,70941,1597516992320097,
UCTllhEqkFE_hSigzxIuykzg,gday to you all,BleachyVibx,1:11,71,71106,1597516992484929,
UCchJe98ZEv7Y-3kRvGP1cjA,THE DREAM TEAM POGGERS,Aksu15,1:11,71,71147,1597516992525997,
UClnydCVS7e5wES3NBcbzrOw,papap,Shadow,1:11,71,71188,1597516992567164,
UCHEGkT4YiEUJXbiTDS7DsaA,I like bacon,Robot,1:11,71,71377,1597516992755858,
UClhAq7pVmgCM7KVdHhgwkNw,Late,Murmel Grumpf,1:11,71,71848,1597516993226836,
UCJf5PC_rQsiA0bv6LbIE5vQ,pog squad!,CommanderXander,1:11,71,71860,1597516993239150,
UCxObbAVIz12Ul_NFY_EN85Q,first,strawberry smint guy,1:11,71,71897,1597516993275888,
UCNOHuvSpKWfP84V4nBr_nlw,late,Sean Reyes,1:11,71,71969,1597516993347610,
UC5ZFNlUt8fO0X-Smb4kGf4A,LATE,Joan Pi√±ol,1:12,72,72150,1597516993528938,
UCqEddcyaUI0TUelQK_ro5SQ,latte,inVince-ible,1:12,72,72303,1597516993681517,
UC-Gkwhe6g49BgMX1VxUHyHQ,HE‚ÄôS TOO EARLY,Hotdog Shober,1:12,72,72732,1597516994077229,
UCnd38x_LU-Ba2Ys3KdhiWNg,LATE,Zenon64,1:12,72,72794,1597516994139311,
UCfX3EEhnzc7U-KVR9DY6N1A,Early,Alex Esquibel,1:12,72,72811,1597516994156284,
UC5C0TG6muVHDikwq7xiXy3w,late,Quentry,1:12,72,72811,1597516994156850,
UCYouKtYZYwiPfpwmX9LJ6CA,MY HEART SKIPPED A BEAT WAIT,Patricia Anne,1:12,72,72874,1597516994219248,
UCZflM1b6ciPqjjXb5svfzBQ,dream and techno on one team how is that fair lol scuffed,Hayden Ainslie,1:13,73,73052,1597516994397280,
UCPJFnUcOqE1o8GnugNGtq9w,EARLY,Brenon Hanson,1:14,74,74023,1597516995368244,
UC4zv_YNJ-8TCSar4nA5N-8w,Late,Maria Chiara,1:14,74,74117,1597516995462292,
UCGLHwN3fCUvLwP5D1EWmS1A,üíöDREAMTECHNO‚ù§,LordHeadAss,1:14,74,74117,1597516995462768,
UCkovBQHHD8LvBEJFXq7GNww,LATE LATE LATE,Targo Ring,1:14,74,74260,1597516995605993,
UCj9tZblFG3w-QNKyh4VqGrQ,late,Antony,1:14,74,74463,1597516995808233,
UCIBURtP6Cs8lmBce59WCnyA,yaaaaaaasssss,Ryan Mui,1:14,74,74573,1597516995918399,
UCW0dnYf3LOEZqTPjZxjpd0g,early,odin haugsb√∏,1:14,74,74747,1597516996113092,
UCf2WjvdAYJ_w8qva6B54-3Q,oooooooooooooo,CherryBerry Studios,1:14,74,74883,1597516996249019,
UCRE1ZVkKo5pLLv842k9HFEg,BABABOEY,_Frick_ Head_,1:15,75,75082,1597516996447726,
UCESrv5tdrJf1wyAFtOp2fNg,@The Happy Turtle truw,Tanmay Joshi,1:15,75,75468,1597516996833675,
UCwyvCjUXIPJl_IdrC9tzPfQ,Blood for blood god,Coler 7655,1:15,75,75969,1597516997334523,
UCH_QyX6kVoh3-ChCXgweArA,late,Atahan Sever,1:15,75,75984,1597516997349520,
UChxwF8ElgK1VJ4XtXLJX5JQ,EARLY,*angry duck noises*,1:16,76,76149,1597516997515075,
UCpP_AEQJAtt8WsHqFfFlTyA,‚ù§ TECHNODREAM SUPPORT üíö,V_Low Key,1:16,76,76443,1597516997808279,
UCF1vInSgI6q5_bkC9IHY8zg,Hi Techno,u made god angry,1:16,76,76519,1597516997884819,
UCaUC60ebCgNDeUQycwoFH2A,Late,RyderMac101,1:16,76,76578,1597516997943820,
UCww77qExHO0QHeEsZW8hVcQ,Late,Alexander Salling R√∏ber,1:16,76,76629,1597516997994303,
UC-K7IS0Jatz15Oy7Rc9qOnQ,Late,Alex 3478 Vase,1:16,76,76889,1597516998230822,
UCachSXXqLcEzAr-Twd94wNQ,sup techno,Tweemite,1:16,76,76998,1597516998340316,
UCPZzbpRm7KiLAnr6QYOX-PQ,Late,Benjamin Gill,1:17,77,77242,1597516998584111,
UCsMzeIJGlEEak-IDFGUQdXw,Late,azxlu,1:17,77,77339,1597516998680751,
UCVXJjKG3gp9pQpfFSImw_CQ,LATE,T.K.A. Animations,1:17,77,77470,1597516998812238,
UCGG0yDGm05l0fn4hUNPD8lA,YEEEEE HELLO TECHNO,Shadowguy128,1:17,77,77725,1597516999066958,
UCxIajqTWrGpx-rgaMOIGeLg,Late,Jonathan Azbell,1:18,78,78025,1597516999367323,
UCJAFV5eBTd4LNIthZ29Vurg,techno michealmcchill and burren support,RealToastyBread,1:18,78,78046,1597516999387948,
UCBxS5XQPwWKk7Jrpj3d1ScQ,"Hello, Technoblade.",ChromaKeyMinor,1:18,78,78211,1597516999552730,
UC2-TsB6m3pUQKleS11jTiQg,HiÔºÅÔºÅÔºÅ,ÈªÉÈáëËâ≤ÁöÑÁÜäÁÜäËªüÁ≥ñ,1:18,78,78270,1597516999612251,
UCB0iaiGdWgx6gXA7iHyu6JA,MY FIRST STREAM ON YOUR CHANNEL üòÑ,That chip you found on your bed from 3 years ago,1:18,78,78631,1597516999973312,
UC-3_ZBqFRzQVOXivCTdsNBQ,Late,President of the United Crackheads,1:18,78,78679,1597517000021150,
UCq_ldo_dd19V9FyrO7KuaFA,LAAAAAAAAAAATE,bctsct,1:18,78,78894,1597517000259036,
UCBoCiLY0_rOtwwIsU-OYO_Q,LATE,Cam ;P,1:19,79,79151,1597517000515791,
UCoIHmCqu2_1HTEITnFAvRQw,Late,John Kincaid,1:19,79,79633,1597517000998131,
UC6QgAieJjoV6WEYb_R5n7OQ,Lag,Zakboy 0304,1:19,79,79762,1597517001126993,
UCCNO75M2Vaa5g0bzPg0fTfg,late,Phong Luu,1:20,80,80223,1597517001587820,
UCVRZbLjp-juWf6QEsWfdXUQ,WOOOOOOOOO,Prisha,1:20,80,80298,1597517001662900,
UCcGqpjW0CII3qvvZur2Jdyg,late,Jones Bbq,1:20,80,80580,1597517001945244,
UCIoifMG8CoZPLfSXezbnqiw,YOU SHALL WIN,Paulo Andre Gonzalez Quijano,1:20,80,80588,1597517001953453,
UCeQjuVJB2HcTTAwoDtvP6nQ,LATE,Frazzle Mc Daz,1:20,80,80613,1597517001978382,
UCkRGkQilgQQQ12Cr0J3ZxZQ,lateee,michaelio v r o o m,1:20,80,80920,1597517002306618,
UCqmoxXBXAOBYauqyUxRJbkQ,HI,cookie,1:21,81,81190,1597517002576254,
UC3MNPZWrqVZXIqxqXfq466A,LATE,Troy Gaming,1:21,81,81351,1597517002737036,
UCgvytJslqc6GZotftsR3UUg,LATE,FlckLaMo Moon,1:21,81,81492,1597517002877914,
UCAu7AIVSZxi3uJEIKWI85mQ,technoplain,Shipra Yadav,1:21,81,81721,1597517003107213,
UCDBIewDeqr0xoGVTKosZqNQ,POG,Heh,1:21,81,81941,1597517003327510,
UCD_QyGQ7H_TqUOi_BAGT2Ew,hi I am new,Joe gaming,1:21,81,81981,1597517003367793,
UCS7EgVIC38jC-Rzm315VNUw,EARLY,Nif Yeh,1:22,82,82223,1597517003609612,
UCLiwcxrpzSXBxjhKDlSKlkg,Dream team,Reagan Renner,1:22,82,82484,1597517003870113,
UCXeFWM6STB43uO50TLE_-EQ,Late,Steak Pizza Lover,1:22,82,82568,1597517003954128,
UCm8z0_yN4ypxijDZocCjoMw,I‚Äôm gaming potatoes on skyblock,Shmoop Snoop,1:22,82,82731,1597517004103917,
UCfopWjrYX8MZ1wZEBfnoQAg,early,Lazaro Rodriguez,1:22,82,82753,1597517004126151,
UC3kh9uLspkHXzgtUto2p4Qw,Early,Daniel Shanchez,1:22,82,82890,1597517004262956,
UCWcN9xlqJndUzawvEzRP3ag,Early uwu,Sammi.3x3,1:23,83,83250,1597517004623614,
UCa2nzPkLggMX2tjkRfu8Nxw,Too early,Jake DN,1:23,83,83558,1597517004930972,
UCWQofoYQCM1895ae6-EJ5mQ,late,Mr. Lemon,1:23,83,83646,1597517005019412,
UC520mGGCmXJ6u7EIMLCck8w,LATE,Akatosh,1:23,83,83862,1597517005234733,
UCukFt-gTFhwXPH64fTNh-qg,Late,Richard gaming Game,1:23,83,83946,1597517005319476,
UCG9DRwlmrdNo009BBGfO1lA,still late in Australia hahs,trance Clan,1:23,83,83981,1597517005353855,
UC45ScLgCsoTtaYdFlEllc7Q,AUYYYYYYY,davn,1:24,84,84549,1597517005922238,
UCR2FmPj2uh6Vghl994a6Jlw,TECHNOBUUUU,Alex W,1:24,84,84739,1597517006140539,
UCv_pAF3ihxOaKHMjUG9lJtg,thiccblade,AimMinatti,1:24,84,84741,1597517006141915,
UCLEk8qPYutmyUrN_kst2KwA,LATE LATE LATE LATE LATE,Jovan Jovanovic,1:24,84,84837,1597517006238472,
UCFb6K0FrmNYgp_wnfWjWUHQ,technolate,Christian R.,1:25,85,85181,1597517006582318,
UCUQgoZoweZRybt_P4k9r1Cg,L,Ivelin Tsonev,1:25,85,85361,1597517006762150,
UCYePW9Fvq5GJEzhv8j-Nc7A,technoplane,Dylan Fang,1:25,85,85401,1597517006802412,
UC8178JglOPE9RyPC__zQTew,what is chat lol,Paul Bejanaru,1:25,85,85648,1597517007049857,
UCCq0m8927ZWrWlbQB62sQMw,LATE,Jenit,1:25,85,85673,1597517007074086,
UCx1SHLjm6B5tc78ewnTzjTg,why did it have be today,ARELY & LALO,1:25,85,85751,1597517007152902,
UCApdxWD31SokaTfSTlj64jQ,LATE,Eric Russell,1:25,85,85894,1597517007295339,
UCN9s4SSgJzjxMUlzECiFMBg,LATE,Hilson Guy,1:26,86,86084,1597517007485333,
UC06bn09l9xCVo0bKklqEymg,LATE,Joshua West,1:26,86,86116,1597517007517136,
UCAGH6oWjej5JlQPFUmkInDw,Early,Negus_ Gamer2007,1:26,86,86383,1597517007784525,
UC47wSubRNMS8VySkA4ZX-qw,late,Beckett Thomson,1:26,86,86426,1597517007827526,
UCWs4G-j4XMPEtvjOuR771jg,Late,Lance Schneider,1:26,86,86910,1597517008294507,
UCQglC_rx7uGMiQa7stl4auw,early,Mind player,1:26,86,86975,1597517008359341,
UCXcfPDJmT6t0My_7sB75kMA,late,mean Mug,1:26,86,86987,1597517008371748,
UC-Qht7knxCgPW3Ij4wGCn0A,hi,Ink Sans,1:27,87,87219,1597517008603237,
UCxyE6HkKwTC9aHMD5GKc1Qg,late,Silxnce0,1:27,87,87321,1597517008705324,
UCdk19Vs0lwg7-Q06aovbQCw,Early,Fire emblem fan13,1:27,87,87459,1597517008843276,
UCbzXbreDRe3SCzaebybuqZg,I'M EARLY-,PyonMu_D,1:27,87,87603,1597517008987083,
UCcIDXWQ3igEWNwHyM_FOZPA,Realy,Mihai Dragu»õa,1:27,87,87772,1597517009156233,
UCQPkpRCmetZDXf21F_-uyow,"started early, huh",A person,1:27,87,87898,1597517009282941,
UCsIOM-z5WBy1TfNn9EAaWHg,TECHNOOOOOOOOOOO,Error,1:28,88,88477,1597517009861915,
UCtK7lepy8QkAPSsbqRYiffQ,LATE,Chris Pavia,1:28,88,88482,1597517009866915,
UCZAvaSl2vUGP3oLEXCWAP-Q,Late,FlashBang,1:29,89,89033,1597517010348206,
UCBEOdlHzi3J6YSz_s0stChQ,TOO EARLY,MMD,1:29,89,89628,1597517010942967,
UCbkb_PCMdXJiUQKzd0-uo3w,techno blade ur bad,Maffy321,1:29,89,89655,1597517010969687,
UCMhPLUSdnQyX5d368D61RxQ,Late,Hacker Killer,1:29,89,89738,1597517011052646,
UCAfoUHYwdGuXrkoZDZgfnlQ,Just here before dream streams don‚Äôt mind me,Aiden Herrera,1:30,90,90158,1597517011472396,
UCDbhGCEs4LtaIEMmbv6hjeg,late,Maisy Richards,1:30,90,90253,1597517011568045,
UCvOYN06tVo2JCWxArjtLIfA,Late,The Official GRINDER,1:30,90,90551,1597517011865333,
UCsqqE_0z4gcVsr0hb4p2HZA,LATE,Abby F,1:30,90,90629,1597517011944016,
UCglokgiD8HKMfYWeGOtVJOg,late,Alex4Chaos,1:30,90,90655,1597517011969383,
UCz_XisVJa_MVXWGC3jA8yqA,early,M8 1091,1:30,90,90896,1597517012211025,
UCgK1zFx5JUYzrrpuaD9krpA,LATE,pancaker,1:31,91,91207,1597517012560770,
UCxPNHT4y9XsUSZjZ0CMAjTg,When is bannerlord,Techno the god,1:31,91,91345,1597517012699491,
UC7meaKMfOSpLocSnbWdbszQ,LATE AAA,Yarito,1:31,91,91755,1597517013108988,
UCT7MuM_6DNZ-fzgKpOrZ5RA,LATE,v78designer,1:31,91,91763,1597517013117088,
UCUfiRkTJ3yCP2cq-B7TIXVg,HI <33,Rachel,1:32,92,92030,1597517013384546,
UC2aZdf3qz_dMopP9_DBJQfA,late,Shakazar,1:32,92,92535,1597517013889441,
UCBKqXFANHHgrSZdkmCiCCpw,play your boss music,Esko,1:32,92,92792,1597517014146160,
UCEVdyR_ES1HT3yAMhEzLQsA,eatly,Aadit Naik,1:33,93,93684,1597517015052235,
UCkKBl0wR6DyKOVIqcdJsQTA,late,Reise,1:34,94,94288,1597517015656264,
UCd9O1U2HhsgBx8z_gYc-thQ,LATE,Joyte,1:34,94,94309,1597517015676718,
UCtHVTCjRXcttV_CGWdPzFgA,DREAAAM EWW,William Xu,1:34,94,94369,1597517015737350,
UCIxqxdWqIW_7SaM3xpCDBEQ,Hes back!,Stardust3200,1:34,94,94505,1597517015872857,
UC8tQT3eZd_qFuHqgllyUy6A,@AlaaXCraft,HalfNoob,1:34,94,94897,1597517016264628,
UC-h85MAleFSr4n3IjeipstA,REEEEEEEEEEEEEEEEEEEE,AaronMcBuilder,1:35,95,95086,1597517016429163,
UC_K4_7JIj1JtBngcczjA3jQ,"I‚Äôm watching Dream, Techno, and BBH on three devices üò§üíÖ",Yes I am A R I,1:35,95,95241,1597517016584732,
UC53Ru2ivaO76evbGrDn0wrw,Late,Gery 123,1:35,95,95426,1597517016769644,
UCSDgHlDXsX52C3JMdc5HyZw,late,Awesome delta8,1:35,95,95752,1597517017095850,
UCQmZwRwqlMuEIKDzKUwY9sA,im late im sad,Speakamumbo Gaming,1:35,95,95952,1597517017295497,
UCAGH6oWjej5JlQPFUmkInDw,Late,Negus_ Gamer2007,1:36,96,96156,1597517017499472,
UCUKM7_VebCVGpOIZWFrDNog,"How could you techno, so early?!",Nir Goldstein,1:36,96,96645,1597517017988435,
UC9kwVb4LzPyRQPUtqKdbkcw,36k already THATS crazy,Postmaster,1:36,96,96679,1597517018021952,
UCyWGgD1CrkPZyve--e9ggTQ,EARLY,dragonboi80,1:36,96,96704,1597517018047375,
UCQ-nW1GrcZS-UichOnIEQuA,EARLY,Big ThOnk,1:36,96,96754,1597517018097575,
UCOLhvNheCnOtOflvpRyfA8A,What do people mean ‚ÄúLate‚Äù,Awesome Stuff Gaming,1:37,97,97482,1597517018854561,
UCwlulXAWd_WNnVxvzRDq-Gg,LATE,Chroma,1:37,97,97488,1597517018860236,
UCxHQYTWuJGzElSEM6ZR4AqA,Who is More?,ClassicGoose,1:37,97,97586,1597517018958918,
UCQ1SBjH_9gwsx947WISQxTg,late,maybeitsright,1:37,97,97698,1597517019071104,
UCb6f3Wgeg_06_SwBeSlztYw,Late,CallMeChicken,1:37,97,97699,1597517019071642,
UCGP7dUjqcgOK_ZgpllbVGAg,Double trouble,RoGue,1:37,97,97814,1597517019186453,
UCQiXzigyHLVWgn6x6cjZdww,TECHNOSUPPORT,TheGoodBoiMLG,1:37,97,97853,1597517019225739,
UCDyHBGuZhnBV41Url8rosFg,Late,Fire Emblem,1:37,97,97885,1597517019257873,
UCOqUp6zcxk8dkHk4uApnS3g,tenco bladeeee,NoMicGamer88,1:37,97,97920,1597517019292880,
UCgHIzD-OK0fgg5txhOiLqYw,late,johanna,1:38,98,98091,1597517019463263,
UCszqOMVp8JfBvFVEO8D9uOw,blood for the blood god,Nightrush gaming,1:38,98,98111,1597517019483780,
UCfopWjrYX8MZ1wZEBfnoQAg,early,Lazaro Rodriguez,1:38,98,98156,1597517019528447,
UCqQK3rlLkO4jYeBqwosKokA,late,yari pingu,1:38,98,98162,1597517019535073,
UC3xDgR2QXFrCnwQiZEnWLMQ,L,Dibzo,1:38,98,98249,1597517019621784,
UCdmSMpItOul0QYpsjaHdE3Q,LATE,Sharkky,1:38,98,98291,1597517019663799,
UCsxxETfFNvkqoeZPVOK-HEw,i think im late:(,RedThorne Gamer,1:38,98,98568,1597517019940935,
UCaEhsquhUXYavCrVMdL4huA,Late,Ty,1:38,98,98818,1597517020190862,
UCBh7NkWRcYDD4d8XIARnCMg,hi,Tablet Telcom,1:39,99,99061,1597517020433628,
UC-wZvbFobmhZkBP5AnAQFMQ,LATE,thebrandofepicness,1:40,100,100388,1597517021717405,
UCBrluDUTkKa-JKqZVUqDpEQ,LATE,DrakoVenturi,1:40,100,100611,1597517021941223,
UCMxEXf6yw56X-KmN1LBb7kg,Very earlate,P##P mast3r,1:40,100,100694,1597517022023888,
UCEzrEQ-ZBTDIUJzwkmlqg8w,hello,Statue/ /IHaveDiscord,1:40,100,100904,1597517022233492,
UChznPfC0gICN7h2H-SI6eyw,TECHNICALLY LATE,Catpotato,1:40,100,100978,1597517022307943,
