amount,author,author_id,badges,body_color,header_color,message,ticker_duration,time_in_seconds,time_text,timestamp,video_offset_time_msec
,King Nautulus,UCPCE0f3ZfYCkV3gYA37PTpw,,,,TECHNOLATE,,100,1:40,1597517021449528,100120
,thebrandofepicness,UC-wZvbFobmhZkBP5AnAQFMQ,,,,LATE,,100,1:40,1597517021717405,100388
$19.99,Auitshrieks Gaming,UCIv-yfJuWbzWncJmN6z6UzA,,"{'rgba': [245, 124, 0, 255], 'hex': '#f57c00ff'}","{'rgba': [230, 81, 0, 255], 'hex': '#e65100ff'}",I LOVE YOU TECHNO UR BETTER THAN DREAM,,100,1:40,1597517021842470,100513
$19.99,Auitshrieks Gaming,UCIv-yfJuWbzWncJmN6z6UzA,,"{'rgba': [245, 124, 0, 255], 'hex': '#f57c00ff'}","{'rgba': [230, 81, 0, 255], 'hex': '#e65100ff'}",I LOVE YOU TECHNO UR BETTER THAN DREAM,600,100,1:40,1597517021842470,100513
,DrakoVenturi,UCBrluDUTkKa-JKqZVUqDpEQ,,,,LATE,,100,1:40,1597517021941223,100611
,P##P mast3r,UCMxEXf6yw56X-KmN1LBb7kg,,,,Very earlate,,100,1:40,1597517022023888,100694
,Statue/ /IHaveDiscord,UCEzrEQ-ZBTDIUJzwkmlqg8w,,,,hello,,100,1:40,1597517022233492,100904
,Catpotato,UChznPfC0gICN7h2H-SI6eyw,,,,TECHNICALLY LATE,,100,1:40,1597517022307943,100978
,Karma,UC3Ge8oUHx0NT6R-YtcSnVFQ,,,,LATEEEEEEE,,101,1:41,1597517022374521,101045
,M8 1091,UCz_XisVJa_MVXWGC3jA8yqA,,,,early,,101,1:41,1597517022655407,101345
,Axolol,UCpGrjSrf33D-A5JMiX-OjNg,,,,reee I'm late,,101,1:41,1597517022687565,101377
$2.00,TheOrenjiPotato,UCMjIcNYR8XYshDObHRmYQVg,,"{'rgba': [0, 229, 255, 255], 'hex': '#00e5ffff'}","{'rgba': [0, 184, 212, 255], 'hex': '#00b8d4ff'}",hey techno ive been a member for 6 months,,101,1:41,1597517023547217,101861
,Kuo tian,UC3dtW8ktcQpLuvVSPvb6l0A,,,,‚ù§ TECHNODREAM SUPPORT üíö,,101,1:41,1597517023227690,101918
,Cian Merluccio,UCcNTKIAP9PHN7H5oXyJocZA,,,,LATE,,101,1:41,1597517023244605,101935
,Joshua Williams,UCecHElVr73qaZ9gglglnSGw,,,,your so early your late,,102,1:42,1597517023315823,102006
,Nathan Strauch,UCusd5EZJoe4t65RHV1vcmjQ,,,,late,,102,1:42,1597517023325255,102015
,Ada Ji,UC0_LIisEDt1LViZNb2mL1vg,,,,LATE,,102,1:42,1597517023327984,102018
,Bleu Night,UCbmAw2D37jxaSQJgtDOGplQ,,,,BRUH,,102,1:42,1597517023444976,102135
,aqualeon_,UCL8xG5KA3Eza2WPZVuInvhQ,,,,the most overpowered team Techno + Dream,,102,1:42,1597517023830574,102521
,Conkerer,UCKsHxHA8u5fEm3ptI1eiqCA,,,,Late,,102,1:42,1597517023929098,102619
,Pat Liu,UCifaOI7p5z_upAgUghDHVXg,,,,late,,102,1:42,1597517023973592,102664
,Kody,UCFGRsL5d1fK2UjCXMdzlHyQ,,,,This should be interesting,,102,1:42,1597517024101832,102792
,Joyte,UCd9O1U2HhsgBx8z_gYc-thQ,,,,LATE,,102,1:42,1597517024163598,102854
,VLOH,UCvB_LOWJgAHKdbZ-LEHz6EA,,,,LATE üòï,,102,1:42,1597517024178075,102868
,Allison Nichole,UCEyKxvbOmmVFhgseYDXDq3g,,,,LATE,,102,1:42,1597517024189976,102880
$1.99,Infinite Edgy,UCaw4Ho7JdATTNauAJbjgbmA,,"{'rgba': [0, 229, 255, 255], 'hex': '#00e5ffff'}","{'rgba': [0, 184, 212, 255], 'hex': '#00b8d4ff'}",Mr beast is doing you VS dream for 10k dollars,,103,1:43,1597517024346069,103036
,Fre Mertens,UCi2q7i-hktpYhSca75FZcXw,,,,lat,,103,1:43,1597517024501909,103192
,Rafael M√ºller,UCZVNm_G4dL8svZ3NWL33KLQ,,,,l8,,103,1:43,1597517024520508,103210
,Pro Gamer Moves,UCOEcWjdCPrYaUZ8lm7mIL2g,,,,eyyyyy,,103,1:43,1597517024565145,103255
,mozz,UCU4faLEggxDdGRK97FVTF9w,,,,EARLY,,103,1:43,1597517024885121,103552
,Penguin R,UC6128kL1TVd55qJGcoP0d0Q,,,,Hi,,103,1:43,1597517025245659,103913
,JujuggerÏùåÎß§,UC3uHn0qazzH34PsyImzWY9Q,,,,hi,,104,1:44,1597517025390445,104057
,Amyk223,UC1YUaUMwptVqCTSgQZzjYZw,,,,late,,104,1:44,1597517025484971,104152
,Cardeo,UCaE7w9FQu__pQ7HQ4k4fMJg,,,,Late,,104,1:44,1597517025490146,104157
,Lucas,UChFhULVJshEziwk8iqxC62g,,,,Is anyone else actually surprised techno is doing his job,,104,1:44,1597517025559698,104227
,Guty Gamer,UC1pBjJuWXrEd1wE-FUVhozQ,,,,Techno plane,,104,1:44,1597517025579679,104247
,Kermit The Froggy Elite,UCfqll7lMgfk1AASVjgLZySw,,,,SMALL SCREEN,,104,1:44,1597517026172361,104839
,Jade P.J.C.C,UCawd5e2zYevdyS1AnBBPPUA,,,,IM WATCHING THIS DREAM'S AND CXLVXN'S STREAM,,105,1:45,1597517026426264,105093
,Haley,UC324xVtUeGOcJ5kuzlqbuyg,,,,wow dream RUDE omg,,105,1:45,1597517026434038,105101
,Positive Energy,UCdesz5Egok6AD_e1eYQYEXw,,,,DREAM!,,105,1:45,1597517027057710,105755
,Your Breakfast,UCYJVvmwlT1bryQA-ASKMQPQ,,,,HI,,105,1:45,1597517027087309,105784
,Default Soop,UCPbTxl9gYOV09ni5RJOdu2Q,,,,late,,105,1:45,1597517027116212,105813
,Bee King,UC7GXREzvibVbdd3dtH3xSjg,,,,LATE,,105,1:45,1597517027152915,105850
,Mea Pea,UCKnkPSlO9GarliytALPhT_A,,,,BLOOD FOR THE BLOOD GOD,,105,1:45,1597517027230727,105928
,Ahmad Basim,UCiqW64E5OwwwDbcwzm8C2gA,,,,Late,,106,1:46,1597517027487147,106184
,CRVA gaming,UCM4iokvZqQeY107zEvvK2mQ,,,,LAtE,,106,1:46,1597517027575251,106272
,Sleep Paralysis Demon,UCO68aTRPJmyW8lxoYZ6UDCQ,,,,LATE,,106,1:46,1597517027775460,106472
,Hayden,UCTYRKE7K1B3mMzqlOv5e58Q,,,,screen broke,,106,1:46,1597517027806667,106504
,Abby F,UCsqqE_0z4gcVsr0hb4p2HZA,,,,LATE,,107,1:47,1597517028358032,107055
,youngmech,UCj7JArEnuIdpKUDAwSSFUsA,,,,broken,,107,1:47,1597517028405995,107103
,Daniel,UC32BWb7QrIQbnKOyJhgEsvg,,,,thanks for being early,,107,1:47,1597517028760947,107385
,Dominika S,UCmuNiPkhquPOugKTxipSI0A,,,,LATEEEEEE,,107,1:47,1597517028780441,107404
,CL4P-TP,UC7NQeNUIaAFmZPfAa_g-Yow,,,,late,,107,1:47,1597517028877995,107502
,Avacado :D,UC6gHvmX3R8RmJlV_Tgpzmqg,,,,Late,,107,1:47,1597517028895003,107519
,david does stuff and thing i guess,UCpqot2TkN-aqB1uP20p2juQ,,,,LATE,,107,1:47,1597517028916797,107541
,Arthur Boueri,UCdqviHbg9UvX2Gr47g9atRg,,,,yoooo,,107,1:47,1597517029216751,107841
,Good evening,UC6cFsaiTI9js_SXpotVMbRA,,,,Late,,107,1:47,1597517029233579,107858
,mystical,UCbhJ4R3w48tJOQZB3aUGvrg,,,,TECHNO,,108,1:48,1597517029546742,108171
,Dovakiin17 1,UCxPTupSApZZlh735PrdyKkA,,,,Early,,108,1:48,1597517029583024,108207
$20.00,the bean,UC1FxAjepefcdRdFcnXdpUxA,,"{'rgba': [245, 124, 0, 255], 'hex': '#f57c00ff'}","{'rgba': [230, 81, 0, 255], 'hex': '#e65100ff'}",late boi,,108,1:48,1597517029772585,108367
$20.00,the bean,UC1FxAjepefcdRdFcnXdpUxA,,"{'rgba': [245, 124, 0, 255], 'hex': '#f57c00ff'}","{'rgba': [230, 81, 0, 255], 'hex': '#e65100ff'}",late boi,600,108,1:48,1597517029772585,108367
,guy011,UCjkI6D-FLzkGxw6QFlb0PDA,,,,late,,108,1:48,1597517029793357,108417
,Ian Spencer,UCuZJa7PMWnSAfbS9CizuQow,,,,We want face cam,,108,1:48,1597517029821616,108446
,logan robson,UCxoUyx1n33IS8UemMPASJUA,,,,EARLY,,108,1:48,1597517029873363,108497
,Chair Berries,UCmwGCAeLAYpMUiG25arodeg,,,,LATE,,108,1:48,1597517030000940,108625
,Isabella Gust,UCEuZScKY6hXpcl5LmIPgcLg,,,,LOVE,,108,1:48,1597517030045533,108669
,Pranav Kulkarni,UCwTRfkOxk98XGQczo92pvFw,,,,winners perspectivr,,108,1:48,1597517030310302,108934
,Stone The Burrito Man,UCvFTypYwynVKJWm7KDqfYMQ,,,,WOOO,,108,1:48,1597517030367493,108991
,Banandud,UC3rg1WjO4_IJJg7XDMzsmvQ,,,,late,,109,1:49,1597517030501148,109125
,TectonicDr Ew,UCaMnoVd5-QJ1ICGV0_vw4ew,,,,Dream go live,,109,1:49,1597517030752272,109400
,Melmel Boxess,UC_fjBDDQdpWCUXjlyOJdp8g,,,,late,,109,1:49,1597517030892799,109540
,Pathoposadism,UCT4QbEbf4kVm3SQULwQoi-w,,,,LMAO,,109,1:49,1597517031266832,109914
,Mr. Kubsius,UCkQzJU2aD55G3IV46mYiIeA,,,,ur screen,,110,1:50,1597517031453842,110101
,T90M Rice Cake,UCdxZQeJkBJpugVpjx3XUGng,,,,Late,,110,1:50,1597517031561565,110209
,Chase Stephen Nichols,UCqYLqU4P-FCJ81quGcBJimw,,,,Technoboat!,,110,1:50,1597517031639849,110287
,Ihatehumans,UCto-UKSKVBUr65f82pMd5sg,,,,Late,,110,1:50,1597517031952161,110599
,Frangle Bangle,UCbPX7YZ-CnR699IeMY9RuQQ,,,,relevant,,110,1:50,1597517032021780,110669
,HailAutumn,UCKyH2ly4dbuk-zlrV7-fOmA,Member (2 months),,,Lmaoo,,110,1:50,1597517032111445,110759
,Prad Gaming,UCXKa_7e1cORqcF_P9Qv75Jg,,,,I LIKE UR YT CHANEL I GOT MINECRAFT LAST WEEK,,110,1:50,1597517032237477,110885
,David Murray,UCKJzJY4mPoHyayFr5LJ2jig,,,,LATE,,111,1:51,1597517032675252,111323
,Sangga Arsa Radin,UCgss6v1m71Tiiv8MbKdfVzg,,,,NOTICE ME TECHNO,,111,1:51,1597517032722782,111370
,Melissa,UC0EnQY9FCP0PeJlr5aOKqJw,,,,HELLO DWEAMMM,,111,1:51,1597517032725398,111373
,Jacob Johansen,UCo8Cg5YXSY7AZ8d7NsgCslw,,,,Small,,111,1:51,1597517032916708,111588
,Dominic Osama,UCXGNIuNbhhZkU2c9YMCi9pw,,,,Î∞îÎ°ú ÎÇò Ïò§Îäò ÏïÑÏπ® ÏùºÏ∞ç ÏùºÏñ¥ÎÇò Ïò§ÎäòÏùÄ Ï¢Ä Îä¶Í≤å ÏûêÍ≥† ÎÇ¥Ïùº Îã§Ïãú Îòê Îã§Ïãú Ïò¨Í≤åÏöî Ïò§ÎäòÏùÄ ÏùºÏ∞ç ÏùºÏñ¥ÎÇòÏÑú Îã§Ïãú ÎßåÎÇòÏöî Ïò§ÎäòÏùÄ ÏùºÏ∞ç ÏùºÏñ¥ÎÇòÏÑú Îã§Ïãú Ïò¨Í≤åÏöî Ïò§ÎäòÏùÄ ÎÇ†Ïî®Í∞Ä ÎÑàÎ¨¥ Ï¢ãÏïÑÏöî Ïò§ÎäòÏùÄ ÏùºÏ∞ç ÏûêÍ≥† ÏùºÏ∞ç ÏùºÏñ¥ÎÇòÏÑú Îã§Ïãú ÎßåÎÇòÏöî Ïò§ÎäòÏùÄ ÏùºÏ∞ç ÏûêÍ≥† ÏùºÏ∞ç ÏûêÍ≥† Îä¶Í≤å ÏûêÏÑú Í∑∏Îü∞ÏßÄ Ï¢Ä ÏùºÏ∞ç ÏûêÍ≥† ÏùºÏ∞ç ÏûêÏÑú Í∑∏Îü∞Í∞Ä Î¥ÖÎãàÎã§ Ïò§Îäò ÏïÑÏπ®Ïóê ÏùºÏñ¥ÎÇòÏÑú ÏîªÍ≥† Îã§Ïãú ÎßåÎÇòÏöî Í∑∏Îüº Ï†Ñ Ï†úÍ∞Ä,,111,1:51,1597517033302576,111974
,IGAME,UC1Pg4VyHEFdq8p_pIw1DDCA,,,,late,,112,1:52,1597517033729437,112401
,Brooklyn Dot Boro,UCkLHvl9By2m4EEMozzM0c_Q,,,,Late,,112,1:52,1597517033781191,112453
,„Äé Topazyos „Äè,UCS0ITbo7F9C6PvHgJ5rdiHg,,,,Late,,112,1:52,1597517033904348,112576
,Random :],UCpsrFnIURaUqyYcXot1iWNA,,,,LOL,,113,1:53,1597517034543076,113215
,Bin HaiAnh,UC51w46XxlBvks0o1I-Wq0Ig,,,,late,,113,1:53,1597517034803252,113408
,ARG_Yt,UCU8qJ6H5fUCPMQWhbmMLw7Q,,,,When is the 1 v 1,,113,1:53,1597517034739382,113411
,Fresh Chip,UCKxdGspzHUtT4ksx-aYtFhg,,,,LAAAATTTTTEEEE,,113,1:53,1597517034770462,113442
,Sqwertt,UCM6jm3jdk94jiDcIhFXPVSQ,,,,LATE,,113,1:53,1597517035237084,113842
,allison will,UCtj7PRlSMHrTOPKSf39IQjA,,,,yes the views,,113,1:53,1597517035253145,113858
,Simon Christensen,UCNB6FeQrhrdUX_IWhwB0T_Q,,,,LATE,,114,1:54,1597517035531327,114136
,UltraY ExilityNexus,UC6MvRjZAFXZCcXgIvlmggTg,,,,Technothebeast,,114,1:54,1597517036058180,114663
,Cristian Zamora,UC3-sIB0R2Y0v--qB7MNg17g,,,,Late,,114,1:54,1597517036074435,114679
$5.00,gomichu,UC1ItjPb6_UlSOEolxnxsYdg,,"{'rgba': [29, 233, 182, 255], 'hex': '#1de9b6ff'}","{'rgba': [0, 191, 165, 255], 'hex': '#00bfa5ff'}",techno how do u feel ab kissanime being gone ,,114,1:54,1597517036063704,114709
$5.00,gomichu,UC1ItjPb6_UlSOEolxnxsYdg,,"{'rgba': [29, 233, 182, 255], 'hex': '#1de9b6ff'}","{'rgba': [0, 191, 165, 255], 'hex': '#00bfa5ff'}",techno how do u feel ab kissanime being gone ,120,114,1:54,1597517036063704,114709
,Andrea Garcia,UCrhdQ54OvZX2zazy35QhucA,,,,TECHNO SUPPORT,,114,1:54,1597517036151416,114756
,Gunnar Grass,UCHKsjsakTDx7AASxLUk6c9g,,,,‚ù§Ô∏èüíö DRECHNO SUPPORT üíö‚ù§Ô∏è,,114,1:54,1597517036310654,114916
,jugaad,UCMe9IRNUiMTXHXJrBuOIChw,,,,bruh what am i watching,,114,1:54,1597517036364311,114969
,Cerily Writes,UC8BLyfumJnSKAUs6BdyqkyQ,,,,Late,,115,1:55,1597517036404967,115010
,North School,UCkMPl2vxLAdi9URKOOZnGeg,,,,LAAATTTTEEEE,,115,1:55,1597517036434821,115040
,Shriya Reddy,UC3At3hlEbkKrkuf6AVze5kQ,,,,eyyy,,115,1:55,1597517036741811,115347
,Jamil Tajeddin,UC3AkwB_cmUpsxbc-Bojkd-w,,,,LTE,,115,1:55,1597517036864984,115549
,Spinomodo _,UCw_1mZFhYP31LAzG-UQvlkQ,,,,Late,,115,1:55,1597517036887326,115571
,Roblox Grinders,UCT9YCFee13jzX_2IrBOIJhw,,,,Late,,115,1:55,1597517036902200,115586
,shizzy07,UCZqoLBFo4lK_bIQyqftwlsA,,,,LATEE,,115,1:55,1597517037010061,115694
,A very eventful anxiety,UCCm4l4VOrue25n9WVwktrYA,,,,LATE BLADE,,115,1:55,1597517037125511,115810
,Storm Wing inc.,UCHn0IYcCfSwPcZyvcT6XrDg,,,,this is my first livestream with techno,,116,1:56,1597517037351012,116035
,Parkeerterrein,UCEVSDrsW90VPNKucF5hPKAA,,,,LATE,,116,1:56,1597517037452618,116137
,Lava Sheep,UCKMlBXaPvN5dI99ph3KQqLg,,,,sup,,116,1:56,1597517037467458,116152
,Fr√∏≈°t≈∑  ï‚Ä¢·¥•‚Ä¢ î,UCjnGZrOeqv577AJtzrfM-xg,,,,‚ù§DREAMBLADE üíö,,116,1:56,1597517037572469,116257
,CaptainDragon,UCdtSWoh5pXIsJss71s6PtLA,,,,"oof, i actually am here 66 seconds after the stream started",,116,1:56,1597517037613388,116298
,Santiago Ramirez,UCxtnbGphe8tDeDkx_XEB6Jw,,,,‚ù§TECHNO SUPPORT‚ù§,,116,1:56,1597517037668003,116352
,Duck-eat-248,UCVJyReo7Lnt-akDZC_OcdiA,,,,Late,,116,1:56,1597517037872202,116556
,Aiden Morton,UCHDNLV2MgXEJjNXsTamogTw,,,,WHAT ORPHAN DID YOU ADOPT??,,116,1:56,1597517038028203,116712
,TJ Viking,UC_GtpUdrWa0p7ClZ048vx1A,,,,LATE,,116,1:56,1597517038039808,116724
,Toaster,UCuu1nBcFKXSs1L_ZtV0rJjQ,,,,late,,116,1:56,1597517038218878,116903
,Abby F,UCsqqE_0z4gcVsr0hb4p2HZA,,,,YES I AM ARI WE LOVE U,,116,1:56,1597517038228657,116913
,Dis Lil Cup,UC7_e0vzGcaGCU8EyZxCe0cA,,,,LATE,,116,1:56,1597517038308661,116993
,BetterFunnyman,UCW9pw8xvBo7V7AL4DIkgRuw,,,,Late,,117,1:57,1597517038630963,117315
,Kogarashi,UCbnjLUu345j-xXxPGGYjIMA,Member (10 months),,,YOUR EARLY,,117,1:57,1597517038715319,117399
,Stress,UC-vUKo_GgiFTCa2rSKpVJZw,,,,dream x technoblade fanfic,,117,1:57,1597517039202162,117860
,Laggertag Lol,UCKcIhT7v4OOUZIwempAkT_A,,,,TECHNOSUPPORT,,118,1:58,1597517039627503,118285
,MiekL,UCNY2tHjhryYJfgYJNq6aujA,,,,POGGERS,,118,1:58,1597517039742119,118400
,totallyNota Weeb,UCuoWifYXmvjHVzt70K3WyGg,,,,Technomain,,118,1:58,1597517039824765,118483
,Jeffrey Lee,UC0lSOVqh5iGWdC0g9HKN9mA,,,,technolate,,118,1:58,1597517040012535,118670
,Mythic Radiua,UCOpXmpOhrESIdEx4OsuwNdw,,,,late,,118,1:58,1597517040147358,118805
,Fyre,UCi_24QQcgxz3VfCB4P1Npmg,,,,Laaate,,119,1:59,1597517040359919,119018
,ethan tiger,UCWXgybeA8Fr7V00BebdG5vw,,,,late,,119,1:59,1597517040393662,119051
,Beaver,UCqayf_zJ3Ha6PLpoCHWeANA,,,,late,,119,1:59,1597517040559376,119217
,Dane 1234,UCKiQKS296nzaVylXGUUXdnQ,,,,HIIIII,,119,1:59,1597517040574693,119232
,Marcpoet,UCbg6EKo3bH2KBVcL5xxMJmQ,,,,small screen,,119,1:59,1597517040660996,119319
,beastgamer004,UCOD9o2RnkpSHfU9rYh04sJg,,,,early,,119,1:59,1597517040904352,119553
,Beau Cormican,UC44Uva4r567u6Dx0VuRl1lQ,,,,late,,119,1:59,1597517041076059,119725
,MysticalDuck,UCCDtqZuCIaGH6D9M2zEPCrA,,,,heyo,,119,1:59,1597517041121503,119770
,xXPhoebe Xx,UC_IIG1sAh9ALAx72pXmPHrg,,,,hi,,119,1:59,1597517041316787,119966
,wime,UCDZhJdmbokWcdx1PBLWkgow,,,,o7,,120,2:00,1597517041376504,120025
,Zackary Israelite,UCoVxkhlEdqq4VU09Bk31rdA,,,,Late,,120,2:00,1597517041646052,120295
,Kim Pamintuan,UCYFoz8cKGGeb6d-8cVIImsg,,,,LATE,,120,2:00,1597517041650101,120299
,Ken Kaneki,UCtemccLi1jf5L7nfHBbR8MQ,,,,late,,120,2:00,1597517041681891,120331
,the falcon,UCRVTM5yhqhjA4WtUAT2dR3A,,,,late,,120,2:00,1597517041711613,120361
,Skylexxium,UCT5rm3eHmjD31g4ugmRRKUw,,,,early,,120,2:00,1597517041761121,120410
,x-lamLucifer -x,UC63p-xwg7MHuBg0tbeWfLWA,,,,Late,,120,2:00,1597517042089316,120738
,37Factorial,UCxMfjvxW7Q-Vv9W-dWbSAFQ,,,,LATE,,121,2:01,1597517042382818,121032
,Phase Falcon,UCkyh3Fvhcjqmt4b2CXHlB9A,,,,WELCOME TO BROKEN,,121,2:01,1597517042484147,121133
,Izzy DiOrio,UCv1zhiNgirk0sAInwhR8M5A,Member (3 months),,,late,,121,2:01,1597517042940265,121553
,Rachel Tyra,UCpY1jqyeEbk6i5bCMC0HmAg,,,,Latelatelatelate,,121,2:01,1597517043082740,121695
,BLUE,UCRSD9b3_HDFqHUNpwws9Vww,,,,Poo,,121,2:01,1597517043102102,121715
,Entlord,UCpyrJoTk4aEzn2nedlxdI4Q,,,,BLOOD FOR THE BLOOD GOD,,121,2:01,1597517043116390,121729
,Annie Ma,UCmUgsA2_cQEMiMwt_UTOJXA,,,,TECHNOOOOOO,,121,2:01,1597517043295220,121908
,Boss Man,UCZoHy1aBJvORs_c2nxYdS6w,,,,TECHNOSUPPORT,,121,2:01,1597517043297152,121910
,Kudemi¬°,UCrprxE-cATHjxqB92YTmY5g,,,,wat,,122,2:02,1597517043597614,122210
,Vihaan Kale,UCDgbKlZQrITdtPb-MxMkImQ,,,,Go dream!,,122,2:02,1597517043682376,122295
,Nicholas Huang,UChT4Plxy56L0leRllPpMbKQ,,,,Bruh lmao u started early,,122,2:02,1597517043752721,122365
,Begone Bing Thot,UCL48ZGdjY2UoDFyRoyBbgSw,,,,EARLY POG,,122,2:02,1597517043852240,122465
,Ella R.,UC5v_uCl-yJ54b0h26wnNhjw,,,,Late,,122,2:02,1597517043869097,122482
,jakbyte,UCSPXUdSP8Zlv6rwNcNXEGCw,,,,burger,,122,2:02,1597517044051138,122664
$10.00,LinkMarioKirby,UCR-UAl5YsGn9kqJyi73WEyA,,"{'rgba': [255, 202, 40, 255], 'hex': '#ffca28ff'}","{'rgba': [255, 179, 0, 255], 'hex': '#ffb300ff'}",reports of Technoblade's death were greatly exaggerated,,122,2:02,1597517044117858,122764
$10.00,LinkMarioKirby,UCR-UAl5YsGn9kqJyi73WEyA,,"{'rgba': [255, 202, 40, 255], 'hex': '#ffca28ff'}","{'rgba': [255, 179, 0, 255], 'hex': '#ffb300ff'}",reports of Technoblade's death were greatly exaggerated,300,122,2:02,1597517044117858,122764
,HauntTheFirst,UCLwVKsV1Zx-Jqpj0oeUJThw,,,,Late,,122,2:02,1597517044178638,122791
,Kashirn 1214,UCFOyTIBwZUf9d5ZdNkRvHvw,,,,HELOOO,,122,2:02,1597517044238287,122851
,Shadezs -1,UCcl9OSvg-nWo6JTDONG-oBA,,,,Sup,,122,2:02,1597517044251689,122864
,Carissa,UCU_p2DQ2Y19CPyazjgGrDaw,,,,late,,123,2:03,1597517044425238,123038
,ruff bark,UCvGVZGkLLCPYb4nqHPOMF-Q,,,,late,,123,2:03,1597517044946956,123559
,Elomento 85,UChgxKax9q6ZIq8inf_9LUrA,,,,LATE,,123,2:03,1597517045196396,123887
,V_Low Key,UCpP_AEQJAtt8WsHqFfFlTyA,,,,‚ù§ TECHNODREAM SUPPORT üíö,,124,2:04,1597517045508431,124199
,Darren Infinitus,UCqMdtpRbH9EswuST6ML5AtQ,,,,Late?,,124,2:04,1597517045679905,124371
,Microwaved Pizza,UCfdsXgxqZFQTuzUmP1buS6g,,,,late,,124,2:04,1597517045757545,124449
,Guty Gamer,UC1pBjJuWXrEd1wE-FUVhozQ,,,,Technoplane,,124,2:04,1597517045868900,124560
,Oiled Olives,UC5roGoVfDAxZlFNwFtqmnaw,,,,LATE,,124,2:04,1597517045885133,124576
,Tristan Boy,UCwGQqfIqpv9eO1Dg5V0pNBg,,,,Hey,,124,2:04,1597517045998409,124689
,Kermit The frog,UCopAPXgBQ3umZb3VVAmQ_zQ,,,,alright,,124,2:04,1597517046161684,124853
,Poophammer [Poop],UCP6pmL8Ozpm3oSSWPJmPCnw,,,,steering wheel,,124,2:04,1597517046290349,124981
,Hobbe Enell,UCiv5xRA2VmPgOVDOUYbZuiw,,,,Why with DREAM,,125,2:05,1597517046585979,125277
,oreos for dinner,UC4HfooCtiBqSbaHqeUT1aVQ,,,,I wanted to watch dream stream but imma watch Techno,,125,2:05,1597517046798691,125490
,Dark Fire,UCwjDXR4MHXjG3ZTeQYST2Hw,,,,DREAM AND TECHNOBLADE LIVE YAY ALSO BBH IS DECIDING WHO IS GONNA WIN IN HIS LIVESTREAM,,125,2:05,1597517046878543,125570
,Jasmin Zapata,UCMaqIFxwS08T3bQxz_xEd_w,,,,ur late,,125,2:05,1597517046995636,125687
,Fix Auto,UC-BYLrtI-W2bxYoEPrtsLDw,,,,Hi youtube,,125,2:05,1597517047141584,125811
,AddaxYT,UCtX3UkcmV7Nw1U1P6tLJpKg,,,,Bruh your late,,125,2:05,1597517047189008,125859
,PostConsolePeasant,UC5UazszPSxX-Zi1Vmz8aayA,,,,YESSSSSSSSSSSSS,,125,2:05,1597517047266027,125936
,TentacleBoi,UCK2uaWOT0lYjuRADllAm4Ag,,,,EARLY,,125,2:05,1597517047309782,125980
,koma,UCRBpK03xz4dlmrfLjh8ggmg,,,,WOOOOO,,126,2:06,1597517047434043,126104
,William Ng,UCjE7u4ck3oQ43o-magIj1NQ,,,,LATE,,126,2:06,1597517047511415,126181
,edgelord supreme,UCv4J_mV64M3JIHb38pB3ApQ,,,,late,,126,2:06,1597517047904622,126575
,Cam ;P,UCBoCiLY0_rOtwwIsU-OYO_Q,,,,LATEE,,126,2:06,1597517047955713,126626
,Seikie,UCk48nZ-MuvO4eV7fPZJOQ2A,,,,RIP KISSANIME,,126,2:06,1597517047958947,126629
,superpsycho,UC82xKolF7B9YE-2k8FfDCwA,,,,Late,,126,2:06,1597517048013479,126683
,Canarynn,UCZh59D8vtooh7sWb2sQ0wsw,,,,LATE,,127,2:07,1597517048339369,127009
,Talan Pearson,UCpxFCV1G_dwAKJz7sLqR0Pg,,,,LATE,,127,2:07,1597517048809044,127479
,Filo M,UCq6AzKyHjtq8tAavuQbukEA,,,,Winner POV,,127,2:07,1597517048993143,127663
,techboy,UCNxRFFOB6Cw9aqZZ2PDq11w,Member (1 month),,,late,,127,2:07,1597517049055592,127702
,Katelyn Marquez,UCQoZVH9eJSObig-2xrZl5OA,,,,IM SO HYPED,,127,2:07,1597517049157982,127804
,Silas Panula,UCciPsHRyrycOk6Z68-aZpHw,,,,hlo,,127,2:07,1597517049197410,127844
,Richard gaming Game,UCukFt-gTFhwXPH64fTNh-qg,,,,Late,,127,2:07,1597517049274187,127921
,Pink Pineapple,UChIy7slZy2lKgLVrYCfUVZg,,,,Late,,128,2:08,1597517049366603,128013
,Gerjan Janssen,UCkD5WCU2bPT13bzVusXFzhw,,,,LATE,,128,2:08,1597517049503864,128150
,Irish Pikachu,UC9ajXFFmdv3e0jzXKJHFhMA,,,,late,,128,2:08,1597517049963454,128610
,Meliodas Lostvayne,UCjdoU_WJacCRQOEGyH4Nw-A,,,,late,,128,2:08,1597517050162253,128809
,Findlay Kane,UCsYwPp_22m9eaBJigv6kDuQ,,,,ez win,,128,2:08,1597517050300834,128947
,Andres Garcia,UCyICTtfpGKlM4FJgF0-fuqQ,,,,pog,,128,2:08,1597517050311785,128958
,Lillster,UC8OGkSUIFYOj5sPFNv7NyIw,,,,Late,,129,2:09,1597517050415284,129062
,Marcus Costello,UCUJbHyNEBkYBbFcnIO94zzQ,,,,LATE,,129,2:09,1597517050456857,129103
,Julio Saez,UCzfNGnT9qhAs_QToLzQVY-g,,,,Stream is messed up,,129,2:09,1597517050472574,129119
,Daniel Botts,UC-0ZT9840PrKOX497YBWh8w,,,,LATE,,129,2:09,1597517050502956,129149
,Nathan Mullins,UCb3qYP5REEnHTn8AxrR5kzw,,,,latr,,129,2:09,1597517050683497,129330
,Truppla 2.0,UCzlj15SyHbkXqRJCXsXzvhA,,,,Late,,129,2:09,1597517050814367,129461
,The Overthinker,UCYvZ2wjWHWwMzgk34Qe5O2A,,,,LATE,,129,2:09,1597517051167524,129781
,Grilled Cheese,UCb6ul-S5dZtb7aAffqkCphw,,,,ON TIME!!!!!,,130,2:10,1597517051386483,130000
,Ryan,UCGqrM6EsDW1YfrHBSFtew6g,,,,hello technoblade,,130,2:10,1597517051409943,130024
,just a weeb,UCfhicc-ZQBCx1vXqDxwdmkg,,,,late,,130,2:10,1597517051474574,130088
,Jacob Sowah,UCVLwOtM8L4sARse2YUoWHcg,,,,late,,130,2:10,1597517051496930,130111
,Nimrod Grosu,UCfy_g4VlRhQ9LxqV6wp_OQQ,,,,Late,,130,2:10,1597517051526193,130140
,Cheeseeater 77,UC6w_rfBKq8jwZxh42kMTECw,,,,NOT LATE,,130,2:10,1597517051542945,130157
,Boss Man,UCZoHy1aBJvORs_c2nxYdS6w,,,,TECHNOSUPPORT,,130,2:10,1597517051548183,130162
,Dev Dogra,UCmr8a-zXuvnbcUu9CX18aTg,,,,late,,130,2:10,1597517051786675,130400
,Mondrigitomark Mondrigito,UCJvp5iMSjk9iciBYnJNtNOQ,,,,Late,,130,2:10,1597517051859553,130473
,Keinth joeve Bandies,UCk1mOU20RzMxypUPQOl_8qg,,,,late,,130,2:10,1597517051871797,130486
,Vane Gaming13,UC9jxVL7yggM28DQMaRavb6Q,,,,noob,,130,2:10,1597517051902305,130516
,merlin kale,UCCY2i35TaMeYvT9C7kGGB8A,,,,late,,130,2:10,1597517051906694,130520
,Pur3 Chaoz,UCSADg3TZilzxMkO6uBDJABg,,,,Late,,130,2:10,1597517052021228,130635
,Cyrus Law,UCOBLENtpAmi8AVYoD8BVmAg,,,,Late,,130,2:10,1597517052022247,130636
,chuchis ‚Ä¢,UCLuXSDN597_m8U1Pj3ChMoA,,,,EARLY,,130,2:10,1597517052037569,130651
,Organic Pop,UCOgE3yk7TY5PAhPq_AR3tbQ,,,,Late,,130,2:10,1597517052302549,130916
,TAEkemetoElDorado,UCGpNJEnIxOPeNK6Ye-uxxVg,,,,late,,131,2:11,1597517052478777,131093
,MarkoNotFound,UCq1JRWaurwciDVl1C2ez7-g,,,,LATE,,131,2:11,1597517052666068,131280
,FireLilly 235,UCbD9THdA0czWel-4fqqzF2Q,,,,SUP,,131,2:11,1597517052750036,131364
,Bravo,UCuxDUmFW_t8w6l7_sHEofaQ,,,,late,,131,2:11,1597517052773195,131387
,NoofZ oof,UC9x8UjYS4Y4M6tOmLQVPiFQ,,,,Winners POV,,131,2:11,1597517052783870,131398
,Thekiddo7 Unleashed,UCRucBr20M1WHvZdCkLZzRYg,,,,LATE,,131,2:11,1597517052792466,131406
,SaveTheTrees,UCTP4rEeT9VCoRQ6hRsqB0nA,,,,LATE,,131,2:11,1597517052798157,131412
,DERPY POOP,UCTEzaLnKNWr6NkZ-yyqqzCg,,,,Late,,131,2:11,1597517052798987,131413
,moomoomatt5,UCiT4DUitU_N0Nky3GnC1ovQ,,,,late,,131,2:11,1597517052803689,131417
,armarey xstatic,UC6LG1xXTZLbNkiSfMoxFHwQ,,,,haha,,131,2:11,1597517052885249,131499
,37Factorial,UCxMfjvxW7Q-Vv9W-dWbSAFQ,,,,LATE,,131,2:11,1597517052902149,131516
,_JosukesHairspray _,UCC51MDxAo2l1goMzyIpgbGQ,,,,HELLOOOO,,131,2:11,1597517053058482,131672
,Swivel Man,UCInYcUAjflYCmfrXcNNYLfg,,,,Latttttte,,131,2:11,1597517053204650,131843
,stainman hu,UC1Sy9zHer41002bNMYURfRA,,,,early,,131,2:11,1597517053237827,131876
,xX1000FeetXx,UCGyyAUkxnALiRDsvPn0_0oQ,,,,late,,131,2:11,1597517053242242,131881
,Alex Esquibel,UCfX3EEhnzc7U-KVR9DY6N1A,,,,Early,,131,2:11,1597517053332824,131971
,“õ‡´Ø’à‡©Æ ‡∏Ñ‡´≠‡´Ø’à‡©Æ,UC66Rp24VayQrQcWX7bJjUUA,,,,.late late,,132,2:12,1597517053485346,132124
,Thorn,UCSFuVTj6ZrYOhP1orLKL_Ag,,,,LATE,,132,2:12,1597517053591502,132230
,panzerlied,UCuVteqIZD8EhnFuXiFB4GXg,,,,LATE,,132,2:12,1597517053602324,132241
,Henry Minnich,UCf7HkkNmHGQJS6kB7ktrwLg,,,,Late,,132,2:12,1597517053612409,132251
,Mythic Muffinz,UCQgrrhccImQZfTgl6RkOMdg,,,,late,,132,2:12,1597517053702502,132341
,Warren Home,UCD-Ae7yk3bWTPeSK6CP37vg,,,,Late,,132,2:12,1597517053800764,132439
,binglesnorp,UC_PLZsfXFDDhQYA7GZE5Cog,,,,late,,132,2:12,1597517053908108,132546
,xKnight,UCKp1WBJKpIynbib-1NY_68Q,,,,early,,132,2:12,1597517053999600,132638
,Lang mack,UCHGG_l4Yt9_L7WG55LBD4TA,,,,late,,132,2:12,1597517054066650,132705
,Jacob Heron,UC337a8srCmWHZIHuCA18tcA,,,,late,,132,2:12,1597517054145923,132784
,Anjeer Man,UCF_A3s_X392VkuFcDWWKgoA,,,,late,,132,2:12,1597517054151136,132789
,ÍßÅ vilxsty ÍßÇ,UCPsl3LBeO-pA_3F3ElJ80XA,,,,late,,132,2:12,1597517054275227,132914
,xSKxDAN,UCHh10K0imjsbHxCFJcajTuQ,,,,Laaaattre,,132,2:12,1597517054354408,132993
,O2 Ih,UC0NAF5IDDnPoDbOZXe1pUvQ,,,,pog,,133,2:13,1597517054383080,133021
,Rumman Mehdi,UCeqxhbyotWHCYbOXKAUER_g,,,,bad late,,133,2:13,1597517054550544,133189
,Rob FNM,UCYLNjHnEAWWBvaA0szF17ew,,,,Late,,133,2:13,1597517054703341,133342
,SaZZy_K K,UCvRks4yDnKFmuk1mgYqmFIA,,,,late,,133,2:13,1597517054865451,133504
,Mae,UCybbVjqeZozDrVOIiRf00dw,,,,late,,133,2:13,1597517054980879,133619
,Dingdong0130,UCM17mJszGgoTlqSLwYtK9cw,,,,EARLY,,133,2:13,1597517055246627,133952
,logan johnson,UCWHX-h9JVwp3SkHQw6KrRSA,,,,Late,,134,2:14,1597517055323906,134029
,JustDani,UCJk7Yfpkjm5epuHn9xsq7Tg,,,,LATE,,134,2:14,1597517055585577,134291
,Dark Baiter,UC0Knu7-5Pi0XH3R3Fhp8mKA,,,,LATE,,134,2:14,1597517055700377,134405
,Rikard Iversen,UCnS3Sbqez0XHKEi219SGcIg,,,,late,,134,2:14,1597517056034649,134740
,CJP1226 Fortnite,UCiOYBhiYBxhNs3TWGX8bS6g,,,,LATE,,135,2:15,1597517056294671,135000
,Shadow ‚Ä¢ Dreams,UCXtU5tAqvhwYNOcalu9AK5w,,,,the screen-,,135,2:15,1597517056464804,135170
,Hotdog Shober,UC-Gkwhe6g49BgMX1VxUHyHQ,,,,EARLY,,135,2:15,1597517056547937,135253
,Jason Wang,UC1VEv6ep4aKa-mPhYrBTTLg,,,,Hi,,135,2:15,1597517056559140,135264
,L0G1C,UCdWdpLyAm-NnbxFPVHM_RaQ,,,,Late,,135,2:15,1597517056623643,135329
,leopold,UC-ftx3-JNHlsLnzPK2JXmUw,,,,late,,135,2:15,1597517056722142,135427
,Alex Bryant,UCjt5EjGxPf9gz1Y5VIud91g,,,,SMALL,,135,2:15,1597517056829293,135534
,Nagisa The Big Gae,UCQSBIhpfSPejFv19WaMjtfg,,,,LATE,,135,2:15,1597517057022213,135727
,Red_Robin,UCHG1pCu5wjFdv6bktrH-WQQ,,,,late,,135,2:15,1597517057187814,135730
,Dominik Ganser,UCnGKjFdvZA6bnRVVYnmymqA,,,,lateblade,,135,2:15,1597517057192237,135735
,Zac Howard,UCSVbpJTABGOdTBDFjtndyFA,,,,LATE,,135,2:15,1597517057045022,135750
,Floofie,UCHwroNTVfZHp2vYaCpRnNnQ,,,,Dream X Techno,,135,2:15,1597517057264414,135807
,Dom the Bomb,UCxseen4X_YkWftRvoCMD1CA,,,,Earllllyyyyy,,135,2:15,1597517057142604,135848
,Mhar Saure,UCopeplywFvLVkOGJzjm1beg,,,,Early,,136,2:16,1597517057655485,136198
,Mby,UCo6AB4WMEsUQLVlUOEoedfg,,,,early,,136,2:16,1597517057770689,136313
,aleppy,UCZDn4THU5eu0KpST6hmXiqg,,,,laye,,136,2:16,1597517057879133,136422
,Jacob Ryun,UC7TLFDsKKQ0s6ylzQ5wrjDw,,,,late,,136,2:16,1597517057962989,136505
,DK Kim,UC38lqYjrkdWmraFgYnPlWXQ,,,,EARLY,,136,2:16,1597517058199840,136742
,Yash Razdan,UC942gHmONGZxBKUsxG2bxig,,,,late,,136,2:16,1597517058264405,136807
,Alex Smith,UCUE-knQw6DLWKI6whaolxRQ,,,,Late,,136,2:16,1597517058349295,136892
,Jennie S.,UC64vioB3igR-6zuKz643SLQ,,,,LATEEE,,136,2:16,1597517058350212,136893
,Spizx,UCf-laA99A4H9YfB6S_ZZ8Fg,,,,L,,137,2:17,1597517058606766,137149
,fireyrobot637,UCoWj72jpdL0-IS3MedNL3jA,,,,technoblade,,137,2:17,1597517058823063,137366
,Joshua Williams,UCecHElVr73qaZ9gglglnSGw,,,,late,,138,2:18,1597517059308103,138007
,Ransack,UCRgzu5SoSVCvbyR1ICngT5g,,,,Late,,138,2:18,1597517059330937,138030
,Big Smoke,UC5YfB7XW7Vm0GwmbcehQoEA,,,,late,,138,2:18,1597517059377425,138076
,–¢–∞–≥–∏—Ä –º–∞–≥–∞–º–µ–¥–æ–≤–∏—á,UCu46Nry_rWNgiLa80SjSk8A,,,,late,,138,2:18,1597517059380052,138079
,W Key,UCZHCa-Z06BxTxZ-qKaqVbkA,,,,Late,,138,2:18,1597517059453677,138153
,yelloyi,UCfd_RTPpPdVAbE_Dmeti6qg,,,,late :)),,138,2:18,1597517059578807,138278
,Out Yeti,UChAXImT8-AAOijNpPvHAqCQ,,,,Late,,138,2:18,1597517059802309,138501
,Giganotes 2000,UCfGnfkvNMElliN25zlMFxew,,,,Lat,,138,2:18,1597517060041012,138740
,Thomas Solbakken,UCOA80AR3Fi50t4LnVi4qGVg,,,,late,,138,2:18,1597517060078965,138778
,Bragi,UCuPaAEVi1AlK8crUJLwQD9A,,,,Late,,138,2:18,1597517060162201,138861
,Joseph Dean,UClILtFtgwOQvmNe8GMak4_A,,,,Late,,138,2:18,1597517060218536,138918
,MasterX1337,UCpltwFo522SyK6XHkGeAuJw,,,,EARLY!,,138,2:18,1597517060270966,138970
,haha memes go brrr,UCzZiugj5wsiIWYN5kvUU0Hg,,,,boi,,139,2:19,1597517060764136,139463
,I'm a Door,UC2hs7q-7TiWXUMg1nNbUNtg,,,,LATE,,139,2:19,1597517060766541,139466
,Brandon Venezia,UC4ejnF35uaXxvk0IVSR4IZw,,,,≈Å√¶tƒô,,139,2:19,1597517061220607,139920
,Darasrat Thongnim,UCVWam-DJqaGXIsqlcNKwULQ,,,,Late,,140,2:20,1597517061621666,140289
,SkandaSkout,UC9fYNoB_o5IqQBGO_31ICYA,,,,late,,140,2:20,1597517061890198,140558
,Holden Schmitt,UCXpa5tiJ2eg8NEmo-eShP8Q,,,,latelatelate,,141,2:21,1597517062397543,141065
,Megan Gluck,UCAVyySj0HVsrAzOo-sMI7mA,,,,Late,,141,2:21,1597517062571370,141239
,Ellen M,UC-NHLizeSFouUuP9cOs7k6w,,,,late,,141,2:21,1597517062585586,141253
,alexandra,UCc85IZjPezqRjx36LFbzvkQ,,,,swore,,141,2:21,1597517062599568,141267
,Reed,UCYLWeGb6eNfOwWoDDUs-3MQ,,,,LATE,,141,2:21,1597517062944648,141612
,Bobcat,UCcqkZFzOpK3kWiIWpgb7-mw,,,,Early,,141,2:21,1597517063152683,141820
,Lucca Jacobs,UCq9JfXplnws2iXvBatDAg_A,,,,hello tecnooooooooooooooooooo,,141,2:21,1597517063215160,141883
,SHaDoWy,UCYJj4B_KfNQtlYAyJebtcRg,,,,late,,141,2:21,1597517063290572,141954
,Kaylaaa,UCcea7Aye6MLgRjoxK4vHnUg,,,,oh hey‚ù§Ô∏è,,142,2:22,1597517063400537,142064
,Lukas Reinhardt,UCdLe8yGJeTXtFh_TYrjddOA,,,,Late,,142,2:22,1597517063416789,142080
$9.99,Luna Lee,UCtbiTuhV1xGeMERAlo2RREg,,"{'rgba': [255, 202, 40, 255], 'hex': '#ffca28ff'}","{'rgba': [255, 179, 0, 255], 'hex': '#ffb300ff'}",Money for Technoblade,,142,2:22,1597517063510087,142174
$9.99,Luna Lee,UCtbiTuhV1xGeMERAlo2RREg,,"{'rgba': [255, 202, 40, 255], 'hex': '#ffca28ff'}","{'rgba': [255, 179, 0, 255], 'hex': '#ffb300ff'}",Money for Technoblade,300,142,2:22,1597517063510087,142174
,Martin Simons,UC8lJo53nXVxlzVdtBfWZ8Ew,,,,late,,142,2:22,1597517063842814,142506
,John Meo,UCrGvRa_UYmUNgVX7brhQAhw,,,,LATE,,142,2:22,1597517063884403,142548
,Jared Zuniga,UCzB7bHUaEcpefyNcwuoujhg,,,,late,,143,2:23,1597517064640617,143304
,ZER√ò,UCQmqkS_08hi4UwL_Ta-MngA,,,,üíöDreamblade‚ù§,,143,2:23,1597517064724900,143388
,mewi,UC_8_fb_t3RdnKEMHS_QhCLQ,,,,late,,143,2:23,1597517064827692,143491
,Solvorine,UCqj3Bw8YOwwlE-SlcgZ3_sA,,,,late,,143,2:23,1597517064851441,143515
,Emma star,UCUJKOsnnwaQJylAQc9TTC-w,,,,LATE,,143,2:23,1597517064989138,143653
,Haoran Xia,UC3aWJh49LQD_tEYmFHB4V0g,,,,late noob,,143,2:23,1597517065037868,143701
,katie,UCHySmYcK6KYf8JR1t2bbJVg,,,,‚ù§ TECHNO SUPPORT ‚ù§,,143,2:23,1597517065045523,143709
,IAmPlayz,UCsdZqxgx8daIcdu3Wb6odwQ,,,,late,,143,2:23,1597517065145297,143809
,Sheku Kamara,UCvTPm6br1AjJ3y5dEpcUa4g,,,,late,,143,2:23,1597517065147390,143811
,Mobolaji Shonde,UC5D6fjWNfVUFW4opj_gHFPw,,,,late need,,143,2:23,1597517065265494,143929
,Zingdubbs 8,UCBSWCtz9Ngxre-r_UeUmk7g,,,,Late,,143,2:23,1597517065270115,143934
,mctripleA YT,UC3oJZlrNKDDPk9pDQqSm3Vg,,,,LATE,,143,2:23,1597517065322624,143971
,Kieran Stockham,UC2krFLQwO595n0HtUNuVwUA,,,,late,,144,2:24,1597517065551481,144200
,Hadi Quran,UCcYJ2Tn9jia4zojuT1YnhEw,,,,Late,,144,2:24,1597517065721428,144370
,SirSnako,UCP9MmXVXNn8Es0a5HkmlfzA,,,,LATE,,144,2:24,1597517065722176,144371
,Luca Latorre (student),UCWzG5-y5ENZLNpSriHTTD4Q,,,,late,,144,2:24,1597517066124023,144772
,Casey,UC9W3HcRCiwEOZ8QM8mszvaQ,,,,1 HOUR LATE,,144,2:24,1597517066237034,144885
,deecdeec 334,UC966LKlQabbWvRCT8WPY4nQ,,,,late,,144,2:24,1597517066237491,144886
,Dis Lil Cup,UC7_e0vzGcaGCU8EyZxCe0cA,,,,ANIME IS AIRING,,144,2:24,1597517066281534,144930
,0ofz1 111,UCHEkbjtnTqGYaGN42uu2gYA,,,,late late late late late late LAAAATE,,144,2:24,1597517066292246,144941
,◊ô◊ï◊ë◊ú ◊ú◊ô◊ô◊§◊®,UCo_jdwTqfiQ0vjlNbPI0Spg,,,,late,,144,2:24,1597517066318015,144966
,Alex.Rivera.,UCPVaCkIab8LGs_EI43-73_Q,,,,early,,144,2:24,1597517066331189,144980
,shawdow 6789,UCRiJ_VY6BExs5rwkolBPjlQ,,,,Late,,145,2:25,1597517066373838,145022
,Owen Isdell,UCwr7iy700pr87Mg6MypRXZw,,,,Lmao,,145,2:25,1597517066400391,145049
,GenericHobo,UCjghoh-944xzcR6NfcgZdEA,,,,late,,145,2:25,1597517066494462,145143
,Patrick Byrtus,UC3nzdOWB3EgrlyKcumc6C9A,,,,late,,145,2:25,1597517066505138,145153
,MR Microwave,UCAdJjAOa-GG9hoOAWLRIjWg,,,,not late,,145,2:25,1597517066701142,145349
,Yusuf Dahir,UCb5lxfq2YxcY4F08eFqoRiw,,,,Ima watch Dreams point of view,,145,2:25,1597517066790256,145439
,Julio Saez,UCzfNGnT9qhAs_QToLzQVY-g,,,,Fix stream,,145,2:25,1597517066804537,145453
,Mattia Daniel Platania,UCJ0DAXImyb7GHwnL-xTwHXQ,,,,LAAAAATE,,145,2:25,1597517066908208,145557
,Shadow Moon,UCxIaZX3mUZvTGrVnm35QKEQ,,,,Late,,145,2:25,1597517066948036,145596
$2.00,FireFluid,UCaPQzdXFMN8Yw3RNwxTCywA,,"{'rgba': [0, 229, 255, 255], 'hex': '#00e5ffff'}","{'rgba': [0, 184, 212, 255], 'hex': '#00b8d4ff'}",Hehe jai I can donate and u can't ,,145,2:25,1597517075663818,145992
,Crackle Crack,UCQ3wcqy-FNBUcdtfCvL3Iiw,,,,hellooo,,146,2:26,1597517067365583,146003
,Nick Highfill,UCy7b6Z0vmc-3v5_Jee7e_pw,,,,Late,,146,2:26,1597517067578575,146216
,Heebo 120,UCz7CThdOo8R1i50X45nu5JA,,,,Late,,146,2:26,1597517067591796,146229
,Ning Nong,UCEQ4yE682KofjEd4IAor5jw,,,,Late by -20 minutes,,146,2:26,1597517067656531,146294
,AkiyamaChimChim,UCoAdtYbxZ1Q5ePqki_ASUCg,,,,Late,,146,2:26,1597517067722331,146360
,louisbest1,UCCFvcBm3EMODGzlHo86h9Mw,,,,early,,146,2:26,1597517067747725,146385
,J U S T A C T,UCSZXBTMAIdg92Ol2ELV8_DA,,,,early,,146,2:26,1597517067796479,146434
,Why Do u ask,UChR0J-_N8IRBHc33kbUnHhQ,,,,Late,,146,2:26,1597517067881189,146519
,Cyclician TM,UCJlpQDIqhKCITAcyQ0eCEDQ,,,,LATE,,146,2:26,1597517068056133,146694
,GreenShyGuy71,UC6uXmZqThXacFEFwvDFWzPw,,,,Late,,146,2:26,1597517068079709,146717
,wolf family okey,UCcz42uPSXHCiSKz1bFIKa3Q,,,,Late,,146,2:26,1597517068141471,146779
,Sasho. bg,UCdgXjHTvt3p4-CQdyKmfong,,,,LAte,,147,2:27,1597517068381835,147019
,The Seal,UCQDv2YTaSG5TYJJzQUS0OTQ,,,,Late,,147,2:27,1597517068414057,147052
,Mr. Paulus,UC0tSQZEvxUnciRj0klupKPw,,,,late super LATE,,147,2:27,1597517068440121,147078
,Acoustic Trident,UCU3gvDKo8a_aleIo4q25-oA,New member,,,L,,147,2:27,1597517068533955,147171
,Jessica Yeung,UCdsAV0mjA5NfrMsNadzwLEQ,,,,L,,147,2:27,1597517068548201,147186
,Cathy Wu,UCvlw3gFkQZkYuQ10opyzaag,,,,LATEEE,,147,2:27,1597517068686566,147324
,Tycitron,UCy4oaaAi5CIyQlQ4yCDhOlw,,,,EARLY,,147,2:27,1597517068731256,147369
,ThatGuyOmega,UCmIIA1qRcAtDFBjD0Ae23Uw,,,,late,,147,2:27,1597517068905583,147543
,Articuno 7,UCPbTGufPiWM1WuzrJhV-e3g,,,,Late,,147,2:27,1597517068964776,147602
,Shush,UCxSnZA5m3Ft8PyZMXo9ycqg,,,,late,,148,2:28,1597517069528895,148201
,Ronaldo Beharry,UCVomu1yI_FfZmpVc0Uy7rMA,,,,late,,148,2:28,1597517069588155,148260
,dogpopo 911,UC_m9c39ctUj5dOCa-a9fGDg,,,,late,,148,2:28,1597517069728276,148400
,Jayden Boback,UCmaWUXd4fVw5mN1NijNjfyw,,,,late,,148,2:28,1597517069760281,148432
,NewStart YT,UCmdZmYiqweU1ZnCEqRbe6Qw,,,,DREAM AND TECHNO SUPPORT LETS SEE THEM DO A FLAWLESS RUN STARTING NOW,,148,2:28,1597517069950210,148622
,spinbug,UCGFZlDSrNQvg3L2yFXJVT3Q,,,,late,,148,2:28,1597517069975623,148648
,ElectrifierGaming,UCzyQBfmeFjd3xzcZb-t0b8A,,,,language,,148,2:28,1597517070313287,148985
,Coinscroll8550,UC5Z-Mitx6p6NWmic2ZfTfNQ,,,,APPLES AM I RIGHT CHAT,,149,2:29,1597517070426255,149098
,stuzu,UCJENOK-jmOb28Ho1RE7cz_Q,,,,Late,,149,2:29,1597517070544809,149217
,Darkdeath Squad,UCFMd5kyDgR7OjzSFKoIeeDA,,,,Late,,149,2:29,1597517070669830,149342
,Yeah lol,UCjwGNKrauMeEyX6qUxDRYDw,,,,Late,,149,2:29,1597517070908609,149581
$4.99,TedTheHead,UCqFRP_oJ-CMQrWs5F7kYK4g,,"{'rgba': [29, 233, 182, 255], 'hex': '#1de9b6ff'}","{'rgba': [0, 191, 165, 255], 'hex': '#00bfa5ff'}",Who let this happen,,149,2:29,1597517070972260,149644
$4.99,TedTheHead,UCqFRP_oJ-CMQrWs5F7kYK4g,,"{'rgba': [29, 233, 182, 255], 'hex': '#1de9b6ff'}","{'rgba': [0, 191, 165, 255], 'hex': '#00bfa5ff'}",Who let this happen,120,149,2:29,1597517070972260,149644
,Danilo Mitroviƒá grupa B,UCUo4frrsdhG5D_1gJtXP0Qw,,,,late,,149,2:29,1597517071182980,149855
,Novaidi,UCLwyvgyj1foW4QvQKuC54eg,,,,late,,150,2:30,1597517071444690,150117
,TheEventsOf1989,UCOrVcyIxnaZ9W6EcFeGlP9w,,,,late,,150,2:30,1597517071638304,150291
NZ$169.99,Eliza -Bluewolf-,UCeUCc1y-Wnua1sggAX4qsNg,,"{'rgba': [230, 33, 23, 255], 'hex': '#e62117ff'}","{'rgba': [208, 0, 0, 255], 'hex': '#d00000ff'}",‚ù§Ô∏è Techno Support! ‚ù§Ô∏è,,150,2:30,1597517071698078,150351
NZ$169.99,Eliza -Bluewolf-,UCeUCc1y-Wnua1sggAX4qsNg,,"{'rgba': [230, 33, 23, 255], 'hex': '#e62117ff'}","{'rgba': [208, 0, 0, 255], 'hex': '#d00000ff'}",‚ù§Ô∏è Techno Support! ‚ù§Ô∏è,3600,150,2:30,1597517071698078,150351
,Matthew Walters,UCp92ca531NHaqZZ6gJ-XWoQ,,,,Late,,150,2:30,1597517071861405,150514
,Jdebitjr,UC1gh0HJvsRKBOnEfNK6UcWw,,,,LaTe,,150,2:30,1597517071984676,150637
,Teleoxo,UCBJ2tEZf3RcH_GazE_4wtPw,,,,LATE,,150,2:30,1597517072180351,150833
,chimpy,UCiFXmhxHj_JG0u-_hWuNt_w,,,,Late,,150,2:30,1597517072223613,150876
,styx,UC6L4R7443NnC6oD83D4JhIg,,,,late,,150,2:30,1597517072261070,150914
,Buggly Biff,UCSLxH3qMwwkUiVzIx0p7bbA,,,,Only unlocked 1/4 of the stream,,150,2:30,1597517072272498,150925
,Haroon Shah,UCYY4zyZ7Yr4F9gXHj9wgrZg,,,,Early,,151,2:31,1597517072517574,151170
,Puzles al Cubo,UC3ka5lzl6ALXyMhncy_mvSg,,,,‚ù§TECHNO SUPPORT‚ù§,,151,2:31,1597517072609197,151262
,typxcally,UCTcnEPwGYA4qcHEbuDx2tAg,,,,LULW,,151,2:31,1597517072717315,151370
,ablazedashe,UCZ1qerEscPwbaYg-5j4XLLg,,,,really techno smh my head,,151,2:31,1597517072798876,151451
,Raen Craft,UCTedYgJtoeQX36h52RSLIQQ,,,,late,,151,2:31,1597517072828406,151481
,Joe Brigham,UCH5o5Qkc95ibesyuo3LP6Cg,,,,EARLY,,151,2:31,1597517072902670,151555
,Lance On Caffeine,UC9q1bK5ro4Vrce2fzLjr-IQ,,,,late,,151,2:31,1597517073087622,151740
,Daniel Botts,UC-0ZT9840PrKOX497YBWh8w,,,,Techno is LATEEEE,,151,2:31,1597517073125314,151778
,Poxtorz,UCQ7E8UBR8TSuCRIhPr2V08g,,,,POGGGG,,152,2:32,1597517073718903,152391
,RagePlayz,UCTN6v2DSnhBGEUBts8wxTdA,,,,small,,152,2:32,1597517073975528,152648
,Bill Mill,UCPf1Hu3kemQzCO-LtoGmf6Q,,,,LETS GOOOOOO,,152,2:32,1597517074053002,152725
,K58,UCcWmL2p03I6461OkqgZIKwA,,,,It's time!,,152,2:32,1597517074202401,152874
,Sully Matthews,UCfcGRHHdGjFnGF5e_aYV8pw,,,,LATE,,153,2:33,1597517074358292,153030
,ElephantGirl_,UCqpIUt1toP_9UgapteKxN9g,,,,üëë‚ù§Ô∏èTechno Dream Support üíö‚ö™,,153,2:33,1597517074640637,153313
,Nebula,UCwl2Etbp9RqWWeXKTL2LCtQ,,,,LOL,,153,2:33,1597517074743703,153416
,Siripatsorn Jinrakthamma,UCmWz1yvjANrSQmf7F9ehW5w,,,,LATE,,153,2:33,1597517074748089,153420
$1.99,Taco Bell,UCe9FDy42Q3xe85lviFQrE0w,,"{'rgba': [0, 229, 255, 255], 'hex': '#00e5ffff'}","{'rgba': [0, 184, 212, 255], 'hex': '#00b8d4ff'}",,,153,2:33,1597517074861802,153534
,Sergeant tanker r,UCsv0PXieFidgJ4JsTJrTdIA,,,,‚ÄãLATE,,153,2:33,1597517074969579,153642
,Justin Yizhi Zheng,UCA7DcTGZUOQp4vzSxKY4fIQ,,,,Late,,153,2:33,1597517075015216,153687
,DERPY POOP,UCTEzaLnKNWr6NkZ-yyqqzCg,,,,Technolate,,153,2:33,1597517075030603,153703
,Jake Gao,UCoc_K0ro9BBAs47XxzJHLmA,,,,Late,,154,2:34,1597517075366344,154038
,Turtle,UC4pUmAVT9b-lNJyOOo6-N4g,,,,‚ù§ TECHNOSUPPORT ‚ù§,,154,2:34,1597517075550264,154222
,olliivveerr,UCPzwdppgA7WZn8rYHVIupdg,,,,late? oh right were spamming late now- LATE LATE LATE,,154,2:34,1597517075593567,154275
,Bruh,UCd1IG-olf3b5dfOUL4pqSgw,,,,late,,154,2:34,1597517075882975,154565
,CptShrimp,UCcAG7Z8wfqHBu-DtBCaMXEQ,,,,Late,,154,2:34,1597517076197381,154879
,Samir Mishra,UCrUD2kJ3_rKV1mS2qk-ec5A,,,,LATE,,154,2:34,1597517076307009,154989
,Petal,UCv0w3GemWpCMWsF1cQeqS2g,,,,Late,,155,2:35,1597517076351565,155033
,Hiro Code:016,UCnLgchoAz1zS41eAY9MHmrg,,,,late,,155,2:35,1597517076379952,155062
,Pilotpandashot !!!,UCkIHnCkNiRCBab2QlFrNORw,,,,Late,,155,2:35,1597517076532276,155214
,Jack Martorana,UCmT4qG5orR-LFfydUDjVqAw,,,,late late late late\,,155,2:35,1597517076676812,155359
,Sailaja Kata,UC5wDlj_cwre1VYcmI7knqMA,,,,Late,,155,2:35,1597517077099685,155781
,Trevor Giltner,UCcva_bdXiW5Izj5MQc-HpgQ,,,,‚ù§technosupport‚ù§,,155,2:35,1597517077211357,155893
,Netherite Vex,UCeHNA39hNuPU_m1rgcWsj2A,,,,Late,,155,2:35,1597517077227678,155909
,Octo Gaming,UCAKf5sChvLrKb3bZDRvCu6g,,,,LATE,,156,2:36,1597517077501583,156183
,Techno Bruh,UCe2WSqW47d4GmaSct_GJNlw,,,,Late,,156,2:36,1597517077780193,156440
,Goopy,UCW1g9mr0Uamt2v_JjKhEO0g,,,,this twomad?,,156,2:36,1597517077799237,156459
$5.00,Mr_Brinclhoff,UCRDG8LZgVjE9ylVYBcDSnqA,,"{'rgba': [29, 233, 182, 255], 'hex': '#1de9b6ff'}","{'rgba': [0, 191, 165, 255], 'hex': '#00bfa5ff'}",Good luck to you and your team TECHNO SUPPORT,,156,2:36,1597517078313041,156540
$5.00,Mr_Brinclhoff,UCRDG8LZgVjE9ylVYBcDSnqA,,"{'rgba': [29, 233, 182, 255], 'hex': '#1de9b6ff'}","{'rgba': [0, 191, 165, 255], 'hex': '#00bfa5ff'}",Good luck to you and your team TECHNO SUPPORT,120,156,2:36,1597517078313041,156540
,AFK,UCxAnHSh2vC9bX1YYTTN9JoA,,,,late,,156,2:36,1597517078110161,156770
,ariessing,UCEfcn5tFkQnzkBoM60bLgcg,New member,,,Welcome to Pig Tier!,,156,2:36,1597517078141910,156802
,ariessing,UCEfcn5tFkQnzkBoM60bLgcg,New member,4279213400,,Welcome to Pig Tier!,300,156,2:36,1597517078141910,156802
,RubberToaster,UCAzehKyRM6IsAt1JXJaUqEA,,,,technolate,,157,2:37,1597517078540288,157200
,dogpopo 911,UC_m9c39ctUj5dOCa-a9fGDg,,,,late,,157,2:37,1597517078762646,157423
,Karimu izerimana,UCnUvceNlV-aDPDKeUw6yRXQ,,,,late Mr tech,,157,2:37,1597517078833222,157493
,vinifumasa _,UChN6fCAj32iJXl2SjY9E5BQ,,,,IMAGINA BE LATE LMAO,,157,2:37,1597517078972323,157632
,Link0Pasta,UC3cFHDbodCF86PGtrFpC8TA,,,,early,,157,2:37,1597517079122280,157782
,AmericanPeanutButter AKA Guy,UCFrtLBxdybq0I3YMUn5bAAA,,,,Late,,157,2:37,1597517079233274,157893
,sana mittal,UCqmEejci_dVz_srfySOgSJg,,,,LMAO,,157,2:37,1597517079275497,157936
,FBI,UCAsJKfGuFBSgUWJd-0gr8NA,,,,epic,,157,2:37,1597517079308806,157969
,Neo Kovacevic,UCfu5Px4XrjyAdZddBFQFYgw,,,,late,,157,2:37,1597517079326771,157987
,Chips ahoy,UCzXFf0QxUHTSG_umsQ374zg,,,,late,,158,2:38,1597517079347608,158008
,Dave Yparraguirre,UCFOBnR__cZP4cYzlHoo5KgA,,,,EARLY,,158,2:38,1597517079396220,158056
,okSaur,UCzt8nA0_gBailf6Rw1y_I9g,,,,TECHNOSUPPORT üíì,,158,2:38,1597517079407178,158067
,quantueur,UCh5Fb6969a657TC8ZqZ6RsA,,,,early,,158,2:38,1597517079417590,158078
,XXKALOD KDG,UCPCkaBgNCtZm89deWgjo8kg,,,,late,,158,2:38,1597517079449980,158110
,jugaad,UCMe9IRNUiMTXHXJrBuOIChw,,,,why is he in the top left cornerrrrrrrrrrrrrrrrrrrrrrr,,158,2:38,1597517079819605,158482
,rick,UCkILkITPN4BlkvEbo18n_aw,,,,LATE,,158,2:38,1597517080060919,158724
,‚Äî,UCYBQrW1Z3xewnVRkpy0bp4A,,,,late,,158,2:38,1597517080255780,158919
,TheSockMan _,UCwn7KfwhiXqhWIZNSgOkttw,,,,LATE,,158,2:38,1597517080272336,158935
,Calcium Carbonate,UCg0_-hmP-yfN0x1B1m0DwgA,,,,Early,,159,2:39,1597517080397488,159060
,DarkAudiorope1,UChfT_aWatikQ8m7HNKnLcFQ,,,,late,,159,2:39,1597517080398143,159061
,inteilactuell,UCOxwT70GgIcNO2ul3epCiZw,,,,Late,,159,2:39,1597517080402730,159065
,Wenis Elbowski,UCSW4qSy4ABkhlH_0Pr0bccg,,,,Late nerd,,159,2:39,1597517080542473,159205
,Eliot Santell,UCK_lN63CTo38Na5CtaDpnvA,,,,Late,,159,2:39,1597517080718705,159381
,beep boop,UCqTSzW0RaVg_akW-OFVgCOQ,,,,lagggg,,159,2:39,1597517080828448,159491
,Gab,UCvWvla_-ah3sMLEBy2wq3_w,,,,late,,159,2:39,1597517081145859,159809
,Fresh Chip,UCKxdGspzHUtT4ksx-aYtFhg,,,,Late,,159,2:39,1597517081187514,159850
,NotIce,UC_IDR4gn5pPHoLNSiqv8KLw,,,,latee,,159,2:39,1597517081241494,159904
,Hwello m8,UCzfChJxyl5Alb0ngS5AgPAg,,,,LLLAAAATTTEEE,,159,2:39,1597517081253479,159916
,Boai,UCMLeQZDoEMOohtwmXM8drPA,,,,laid,,160,2:40,1597517081354521,160017
,Eilidh Harris,UC3Wa2p_PAPRhQXnBBYSGGnA,,,,THE CLOUT,,160,2:40,1597517081394405,160057
,Phoenqx,UCktWk6q16DmmTfRZPCZU2dg,,,,LATE,,160,2:40,1597517081648739,160311
,FalcoN -,UC4-GJ7xxw-SjTwwDaqK4GLg,,,,late,,160,2:40,1597517081667097,160315
,Calin Mihai Chiperi,UCJ05-IH1TPL_i0cwzwm2TrA,,,,LATE,,160,2:40,1597517081687921,160336
,Aboo Lee,UC_um-0hQFv4jwVkn8kEZ5tw,,,,techno=bald,,160,2:40,1597517081844573,160493
,Nien Nian,UCOtajMifZmzscPYqxqMPiQg,,,,LATE üíî,,160,2:40,1597517081871943,160520
,Acoustic Trident,UCU3gvDKo8a_aleIo4q25-oA,New member,,,L,,160,2:40,1597517081874585,160523
,jetcon,UCupYngjovUCHiHQHvTXNgCA,,,,:heart:Technosupport!üíö,,160,2:40,1597517081939003,160587
,Soren Andersen,UCrPa0Kra_R_rfcR68sjXsZg,,,,late,,160,2:40,1597517082020647,160669
,ItsmeFoskett3,UC-hdAn4Z8XO9EuBjOWhinCA,,,,CIAO ITALIANIIII,,160,2:40,1597517082236275,160884
,First Sympton,UCa305YdIJUreACCUhlPV11Q,,,,LATE,,161,2:41,1597517082425651,161074
,Leila Brand,UCS9YJkA9zmmeV-9poElW7QA,,,,‚ô•Ô∏è‚ô•Ô∏è‚ô•Ô∏è‚ô•Ô∏è‚ô•Ô∏è TECHNO SUPPORT ‚ô•Ô∏è‚ô•Ô∏è‚ô•Ô∏è‚ô•Ô∏è,,161,2:41,1597517082480272,161128
,OceanicXD,UCBMmYCs8svV-ktLSXSwWSWQ,,,,‚úàT E C H N O P L A N E‚úà,,161,2:41,1597517082581111,161229
,Nebula,UCwl2Etbp9RqWWeXKTL2LCtQ,,,,LATE,,161,2:41,1597517082676775,161325
,HappyCat Domos≈Çawski,UCmQLATqfS4F0DSs1O6L6fEg,,,,L8,,161,2:41,1597517082677618,161326
,Ken Lopez,UCSghON7A7ZmzjLw8nwQeHSg,,,,late,,161,2:41,1597517082707534,161356
,Acoustic Trident,UCU3gvDKo8a_aleIo4q25-oA,New member,,,L,,161,2:41,1597517082806462,161455
,Jack Green,UC4D9UluYzGy5-IsnsksAxBw,,,,Late,,161,2:41,1597517082884099,161532
,JJPlayz,UCwdhNpJ9o0-BtCvyrda-e4w,,,,Early,,161,2:41,1597517082906146,161554
,Mad Zu,UCojf5T7f8KJm3Sw7NTEivSQ,,,,Get faster noob,,161,2:41,1597517082918419,161567
,MasterFox,UCS8OSj5uBVqGxMMsrVtmHeQ,,,,Late,,161,2:41,1597517083207219,161855
,Shrinand Perumal,UCOmUD30g08yyFnf98SjUC7w,,,,hi christien,,162,2:42,1597517083552074,162200
,xsilverr,UCYjjfmn4RdjSNRiNX-xy0OQ,,,,True,,162,2:42,1597517083660720,162309
,Blaise 6000,UCsw9XgolVSJf5WuKrVKdOxQ,,,,late,,162,2:42,1597517083856215,162555
,Michaiya Cox,UCEexkdrsNwdpTlyi2F4B27w,,,,late,,162,2:42,1597517084009789,162709
,elyanor,UCK0FE8NWiFEND_hS2uZiodQ,,,,late,,162,2:42,1597517084159171,162858
,MashdTomato,UCDsJ2OkUn2xzkMGqvAqXOQQ,,,,Small screen,,163,2:43,1597517084433695,163132
,reverence,UCez8SCTsUyK7C35OmxTACJg,,,,TECHNOSUPPORT,,163,2:43,1597517084726258,163425
,theamateurgamers,UCcAqn6P4DtBN7ur07iWphxQ,,,,laten't,,163,2:43,1597517085117785,163817
,xrkii,UCrblERT0N_BJfR67dfh8TFg,,,,BLOOD,,163,2:43,1597517085216786,163916
,InkyPaperBag,UCA6U6TP6dboPUe6F3Y-OEjA,,,,late,,164,2:44,1597517085314329,164013
,Totally a Human,UCHqjkpjPr93dObB_Gc3qr5g,,,,WHY SO LATTTEE,,164,2:44,1597517085590047,164289
,N W,UC1eFvMj-01xCQfo1mn4oTwQ,,,,LATE,,164,2:44,1597517085622644,164321
,skrattande ankan,UCZRKWwOrwE7vpGe8I008Mrg,,,,late,,164,2:44,1597517085763135,164462
,TheRealGoat13,UCcimDDO1OtPefYUkkMRE0HA,,,,late,,164,2:44,1597517085768119,164467
,Drew Rosenberg,UCku4OFKCSykEHDtfRbSsQ3A,,,,Hey,,164,2:44,1597517086083145,164782
,evie,UCblOZo9uXRH30hW_TZREU2w,,,,POG,,164,2:44,1597517086107339,164806
,Poxtorz,UCQ7E8UBR8TSuCRIhPr2V08g,,,,Early,,164,2:44,1597517086176216,164875
,p0tat01,UCtk-mcAASct8WgS2n8JwEtw,,,,l√§t√´,,164,2:44,1597517086208939,164907
,Stone Kingdom,UCJE92dBl2ebFVQnwZPdjDqQ,,,,EARLY,,164,2:44,1597517086247370,164946
,Mr0s0,UC7UTEemjm_zxNuqJtmw92uQ,,,,Late,,164,2:44,1597517086272123,164971
,Dio Brando,UCqUMCekRTbssBeQWIOhwDxw,,,,TECHNOLATE,,165,2:45,1597517086310283,165009
,xililgamer noob,UCiH9ZlZwlOHm3JZDppTUZ9g,,,,LATE,,165,2:45,1597517086311614,165010
,Kaylie Babcock,UC9dL4Nxs4ra1KKYOsrXsu9Q,,,,late,,165,2:45,1597517086583187,165282
,Bacon Bacon,UC0acXHVXnY_CEpHi2YPvk7g,,,,bruh,,165,2:45,1597517086615712,165314
,Logan Tillett,UCzyVqBKIbXktGb8KhH5aA4g,,,,Late,,165,2:45,1597517086728797,165427
,Frisk Sea,UCc8Am-mtD7a0aR-zoN0tciA,,,,200 years to late,,165,2:45,1597517086883836,165582
,Danilo Mitroviƒá grupa B,UCUo4frrsdhG5D_1gJtXP0Qw,,,,LATE,,165,2:45,1597517087040098,165739
,Home Deepo,UCR90WnzPeYyVTVyYmDHKmLw,,,,LATE,,166,2:46,1597517087568349,166267
,GappleKing_,UClf-TrHA-3MnZ8UbMCy86MQ,,,,POG,,166,2:46,1597517087617054,166316
,Abysmal,UCXHLSLPTpdR6yHavK8-KsLg,,,,late,,166,2:46,1597517087764656,166433
,[EPIC] SUB,UCsgpEWV8FeW7EMvznaUWEGA,,,,late,,166,2:46,1597517088008934,166677
,S & J Bochkarev,UCtkHN-tcfZcb1PuGwqgT_5A,,,,late,,166,2:46,1597517088131304,166800
,i do random things,UC1oCWqnP0mIcgkOjo2vlppQ,,,,Dreamblade,,166,2:46,1597517088198421,166867
,Exquisites,UC5nSw2RxBrwQpC-bBb6cwQg,,,,TECHNO SUPPORT,,166,2:46,1597517088318225,166987
,ComputerGamer,UCZEYFXSVHyOBJMRb3DritHg,,,,hewo,,167,2:47,1597517088630951,167299
,W for Wumbo,UCXTCws37XhoeutPlfFdndpw,,,,LATE,,167,2:47,1597517088684565,167353
,Sullivan Fuerst,UCCKj11H15ohVC866tTkenwQ,,,,late,,167,2:47,1597517088918925,167587
,Koen Janaban,UC6pjYQ9kudAQ4wigVTbG95Q,,,,‚ù§Ô∏èTECHNOWASTAKENüíö,,167,2:47,1597517088983427,167652
,Gengar hdm,UC7NOobyex2PwOnyq3qmp0hQ,,,,Early,,167,2:47,1597517089081205,167750
,verhext 009,UCPfW0CPQZt163LHFXXSsqWA,,,,HEY TECNNOBLADE,,167,2:47,1597517089166086,167834
,420 WAH,UCvyOB162AQNLxVsK444HTIA,,,,Late,,167,2:47,1597517089211530,167880
,Dylan Curtis,UCWaDPZvx1zg6jxjqPSfOnKg,,,,kinda late ngl,,167,2:47,1597517089312402,167981
,Cristian Zamora,UC3-sIB0R2Y0v--qB7MNg17g,,,,Late,,168,2:48,1597517089356616,168025
,Siripatsorn Jinrakthamma,UCmWz1yvjANrSQmf7F9ehW5w,,,,LATELATE,,168,2:48,1597517089774463,168443
,Fire dropper,UCVvqCmoTRZiPZCxWqUjGiRw,,,,the is so fun,,168,2:48,1597517089812093,168472
,Slothinati 2,UCR2UFLZEL7OrFuOjqQTwpsg,,,,latee,,168,2:48,1597517090030058,168690
,Sloth Master,UCSU13kML4jtchON_9_8hU7Q,,,,Technolate,,168,2:48,1597517090107770,168767
,Dreambooke,UC3Q5ou4tdYwNJqCEMf4zNdQ,,,,Late,,168,2:48,1597517090199370,168859
,Space Doggo,UCMxG6miABj_IuEPZk_2Hidw,,,,‚ù§TECHNODREAMüíö,,169,2:49,1597517090675435,169335
,Joshua Mont Olv,UCj_AprDC1D8NynHTtvW05aA,,,,Techno team,,169,2:49,1597517090919375,169579
,YINX,UCIsWyrg5NKmhlRSkFXf__gg,,,,LATE,,169,2:49,1597517091188389,169848
,HystericallyUgly,UCUV3WBCxNC9AuXFxrwhiU6Q,,,,Late,,170,2:50,1597517091414415,170074
,Turtle Man,UCS-l_y_RdElLE_z8H9ZAO6w,,,,Late,,170,2:50,1597517091436052,170096
,King Nautulus,UCPCE0f3ZfYCkV3gYA37PTpw,,,,TECHNOLATE ‚è∞,,170,2:50,1597517091766384,170426
,Shrinand Perumal,UCOmUD30g08yyFnf98SjUC7w,,,,CHRISTIEN,,170,2:50,1597517091855295,170515
,Bright Star,UCaLuajC2lQVKWBY2FolQ5cw,,,,EARLY,,170,2:50,1597517092090920,170727
,Strom28,UCbizl6zNQMQ79YOMPbIZFug,,,,REEEEEEE,,170,2:50,1597517092182452,170818
,‚Ä¢ Panikka ‚Ä¢,UCcwkuKpOBe6Ay5CIlkZceIw,,,,Really late,,170,2:50,1597517092348300,170984
,Chekhov,UCxGEY2ERmnICYxfhsdGn8VQ,,,,≈Ç√£≈£…ô,,171,2:51,1597517092909965,171546
,Kristodaddy1,UCe6dhSGMzKuDiy2oBEIHbDw,,,,L,,171,2:51,1597517092927661,171564
,Anh Nguyen,UC-gtYqWfguqYQEr8YmTkvLw,,,,LATE,,171,2:51,1597517092952045,171588
,IssaGummybear,UCln9OaEFIkTwvD1vai9IKZQ,,,,latttttttte,,171,2:51,1597517093026153,171662
,Haigu Zen,UCVHnn9aTnK86tgblWfwnpHg,,,,srceen,,171,2:51,1597517093090308,171726
,Bidj Lk,UC3gCgeKMMHoO_Z37Gr1EJsw,,,,Dream + Techno = blooddeath,,171,2:51,1597517093110945,171747
,And Gag,UC3dAAw5BiYap_Q4moGcDJvA,,,,Hi,,171,2:51,1597517093111398,171747
,Qi Jia,UCohCOa_J4vFKHrDqJTZIs2A,,,,late,,171,2:51,1597517093133907,171770
,NORDIKK,UCMe5hScERVTB71srUmg_DIg,,,,BIG LAAATTEEE,,172,2:52,1597517093594381,172230
,Zhang Jie,UCAZ5fAhZCiDITjt1vydgypQ,New member,,,Welcome to Pig Tier!,,172,2:52,1597517093651902,172288
,Zhang Jie,UCAZ5fAhZCiDITjt1vydgypQ,New member,4279213400,,Welcome to Pig Tier!,300,172,2:52,1597517093651902,172288
,Kaarage Katsu,UCUGeJ5rCIdHBC2H2GQAWQTw,,,,this team first,,172,2:52,1597517093757870,172394
,Sten Dammers,UChcyXpgkDjsPaPtfYjCpb7A,,,,late,,172,2:52,1597517093853864,172490
,Mysterious Man,UCqUzSSK13rTHmNzwEjAWqQg,,,,Win,,172,2:52,1597517093973451,172526
,Katie Albright,UCO2LvGN6AAzsbYL1kIM1Ntg,,,,late,,172,2:52,1597517094113854,172667
,Unicorn Uniform,UCGoF7p5aQwozhjWi2fy0T5A,,,,What is this,,172,2:52,1597517094236852,172790
,Twizten,UCdwFz3VkoZJbilgxCUgJlXQ,,,,Why is the screen so small ;-;,,173,2:53,1597517094521637,173074
,Jackson Flynn,UCchEKdY8kX76qgSNn5gxqhg,,,,late,,173,2:53,1597517094705932,173259
,lesharkomelody,UC5xKR0g-CYRaB_xpfwSMNJg,,,,LATE,,173,2:53,1597517094715184,173268
,IceKittyDragynn,UCr8goIHjrM255syJEj0zURg,,,,üëë‚ù§Ô∏èTECHNODREAMüíöüëë,,173,2:53,1597517094830112,173383
,MCISE,UCEMCWvNObc1PD-060dvlSSw,,,,LATE,,173,2:53,1597517094851878,173405
,iva,UCbNHppW_hQQ3DmVPcTXhepA,,,,latelate,,173,2:53,1597517095100102,173653
,Phantimbs Phantom,UCSTKJ4qvMQyq4KsjEEouszg,,,,bad,,173,2:53,1597517095107071,173660
,not the N word,UCTxoTxHY9V8roxnagLYZ0ug,,,,Late,,173,2:53,1597517095265089,173818
,InkyPaperBag,UCA6U6TP6dboPUe6F3Y-OEjA,,,,late,,174,2:54,1597517095518286,174071
,Solvorine,UCqj3Bw8YOwwlE-SlcgZ3_sA,,,,LET THE BLOODBATH BEGIN,,174,2:54,1597517095565108,174118
,Îàà_ÎààLorey,UCN028_2cMcN8e0QSUqk4c8g,New member,,,Welcome to Pig Tier!,,174,2:54,1597517095575754,174128
,Îàà_ÎààLorey,UCN028_2cMcN8e0QSUqk4c8g,New member,4279213400,,Welcome to Pig Tier!,300,174,2:54,1597517095575754,174128
,Emma Archibald,UCtxmM2iLR_Ge1Bq6s2dD2EQ,,,,LETS GO,,174,2:54,1597517095603874,174157
,RubberToaster,UCAzehKyRM6IsAt1JXJaUqEA,,,,blood,,174,2:54,1597517095740691,174293
,Morpyyy X,UC6eQvzwEv_VBsNN2kZA-Vaw,,,,Let's soooooooo,,174,2:54,1597517096096588,174721
,UniRiah,UCYaCueGCkeFCIA3CPqj62ug,,,,why are people spamming late it's not not even 3pm,,175,2:55,1597517096422902,175047
,El Tombo,UCJ2QnC0YUJS9DDAovs08gpQ,,,,Y is the screen so small,,175,2:55,1597517096535274,175160
,r_kinesis,UCy-qhJ8m7Jif0kuzAX7XrJg,,,,sir your thumbnail,,175,2:55,1597517096620267,175245
,I'm a Door,UC2hs7q-7TiWXUMg1nNbUNtg,,,,YALL ARE STRONG,,175,2:55,1597517097077310,175702
,TheOrenjiPotato,UCMjIcNYR8XYshDObHRmYQVg,Member (6 months),,,late,,175,2:55,1597517097262412,175887
,Random :],UCpsrFnIURaUqyYcXot1iWNA,,,,TECHNO SUPPORT LETS GOOOOOO,,175,2:55,1597517097276934,175901
,Tommy Japes,UC2DALmJ4IrvD_AOFZx1Q-Dw,,,,Can we get a full stream,,175,2:55,1597517097301916,175926
,ImMiniSpark,UC8EOIzSLd6MFojWTQSb8zXg,,,,‚ù§Ô∏èTechno and Dream Team üíö,,175,2:55,1597517097320199,175945
,yeet master,UCXCiXQaKHEP8tNeOC5f6gfQ,,,,TECHNOLATE,,176,2:56,1597517097406134,176031
,EXE stopped working,UC52B-lE63_HWdGZ4WEw5HUw,,,,45k in 2 minutes,,176,2:56,1597517097526889,176151
,Shapeshifter Ghost,UCyxJt4HrIhLh9d9qceaUS2A,,,,POG,,176,2:56,1597517097585045,176210
,Digital Bait,UCsJr5FYGtfANRcGyE3fhqZA,,,,Easy,,176,2:56,1597517097650155,176275
,Howard King,UCoM7B7--WxyE0_gD7c80kHw,,,,Late,,176,2:56,1597517097658399,176283
,dogpopo 911,UC_m9c39ctUj5dOCa-a9fGDg,,,,late,,176,2:56,1597517097674875,176299
,G30R6E,UCD9E1D8FPRO5V54AQwl3a1A,,,,@Frixed hi,,176,2:56,1597517097867418,176492
,Klaire Gieleghem,UCYphOqDgoHMOBSMVJzPuvJQ,,,,Late,,176,2:56,1597517098132065,176743
,SAUCE CAKE,UCJZGcQwfU5_nLBcC_0UWW-A,,,,BLOOD,,176,2:56,1597517098183945,176794
,THEKING andstuff,UCnl88VJaWHFrOs_s1uclhgg,,,,ez clap,,176,2:56,1597517098188869,176799
,iiTyee,UCOYvpfz9lPzSoMRYSlvXOKQ,,,,pog,,176,2:56,1597517098325609,176936
,Derp Gaming Studios,UCFNgVNQazZKA4a35GTvX4zA,,,,EARLY,,176,2:56,1597517098367895,176978
,Koala Fox,UCMj8tNCNyqjmyIWadKnJqFg,,,,nani,,177,2:57,1597517098991900,177602
,WilliamGmo10,UC4POypl6s8dE7RTFO4FEmaA,,,,late,,177,2:57,1597517099029361,177640
,Miltosx9005 _,UCxC4qck31xH754bx6Gmonog,,,,POGPIG------------,,177,2:57,1597517099072047,177683
,W Key,UCZHCa-Z06BxTxZ-qKaqVbkA,,,,Pink parrots,,177,2:57,1597517099114649,177725
,Mr. Paulus,UC0tSQZEvxUnciRj0klupKPw,,,,worst meme ever,,177,2:57,1597517099267236,177878
,StandardCone898,UC1Q_MC2NVBpIB2VWCsmRXew,,,,LATEEEE,,178,2:58,1597517099485554,178096
,Sissy Longlegs,UC4qw8PXEZv7Y2fMR_ZYF0DA,,,,LATE,,178,2:58,1597517099607060,178218
,poloniumdrops,UCpeP17crrTkm9QC4pb-fmQw,,,,LATE,,178,2:58,1597517099616740,178227
,Calebstar999,UCjddN5QgGAWnvw9iF-YaOeA,,,,Late,,178,2:58,1597517099831384,178442
,nina xeler,UCYvqOPgrP5Q9avE9E92vUxA,,,,Late,,178,2:58,1597517099886855,178497
,Thekiddo7 Unleashed,UCRucBr20M1WHvZdCkLZzRYg,,,,‚ù§Ô∏è TechnoSupport ‚ù§Ô∏è,,178,2:58,1597517099962380,178573
,V,UC_-1L5CM2qEYMukNSDwBy2Q,,,,LATE,,178,2:58,1597517100210681,178795
,TDM Masters,UC7UDZiU69edD8-uKdHSGRbg,,,,EZ WIN FOR THE BLOOD GOD,,178,2:58,1597517100221072,178805
CA$13.99,Nimipen,UCl7V6XAagHZola9hbgLdaoQ,,"{'rgba': [255, 202, 40, 255], 'hex': '#ffca28ff'}","{'rgba': [255, 179, 0, 255], 'hex': '#ffb300ff'}",Good luck!! :D,,179,2:59,1597517100416728,179001
CA$13.99,Nimipen,UCl7V6XAagHZola9hbgLdaoQ,,"{'rgba': [255, 202, 40, 255], 'hex': '#ffca28ff'}","{'rgba': [255, 179, 0, 255], 'hex': '#ffb300ff'}",Good luck!! :D,300,179,2:59,1597517100416728,179001
,Smersh gonzalez,UCpRl2uAzQlaoICSC3CNLPQA,,,,technodream‚ù§,,179,2:59,1597517100420661,179005
,MellowZ,UCFEdj3e9iJZIm4KEfhoHtmw,,,,woooooo,,179,2:59,1597517100797459,179382
,Pooponaduck,UC_8vF2SnaA-m-AfhX_AbeZg,,,,LATE,,179,2:59,1597517101075621,179660
,—á–µ–ª–æ–≤–µ–∫ name,UCoHJnXeCwLAPxkGr0Mm4iaA,,,,‚ù§TECHNO SUPPORT‚ù§,,179,2:59,1597517101321674,179906
,Trax,UC9fSPRfzmdb2uDfpoFydODQ,,,,LATE,,179,2:59,1597517101371012,179955
,Anupama Gupta,UCDZxPoOuiNDxeTnyNKtClMw,,,,dream is the beast,,180,3:00,1597517101909055,180493
,Wackrat,UC3wsgtQwjT-V36GiHuQmhtQ,,,,Hes technoblade,,180,3:00,1597517102248411,180908
,Djampu,UCEhmlrZZ3OFBTkhZy_QAx3Q,,,,late,,181,3:01,1597517102474455,181134
,Mururur the murrururrur,UC1S3jHZ4tOSJu0BN3AgMopQ,,,,ez first,,182,3:02,1597517103372353,182032
,Mind player,UCQglC_rx7uGMiQa7stl4auw,,,,late,,182,3:02,1597517103404011,182064
,sally hamburger,UCjiBv78UrvdC5BvM1opws_g,New member,,,Welcome to Pig Tier!,,182,3:02,1597517103563904,182224
,sally hamburger,UCjiBv78UrvdC5BvM1opws_g,New member,4279213400,,Welcome to Pig Tier!,300,182,3:02,1597517103563904,182224
,Agnese Harrypotter,UCJBC5i48gyLeLfmmv2rx_DA,,,,‚ù§Ô∏èTECHNOSUPPORT‚ù§Ô∏è,,182,3:02,1597517103713704,182374
,Koen Janaban,UC6pjYQ9kudAQ4wigVTbG95Q,,,,‚ù§Ô∏èTECHNOWASTAKENüíö,,182,3:02,1597517103858078,182518
,Xman34,UCgW25HnT62DunhORRot3GBw,,,,yeah tho,,182,3:02,1597517104001673,182662
,Degarty,UCn2kcPBwP6ZayObLIX5uzsg,,,,bad lol#,,182,3:02,1597517104009518,182669
,Microgrom 17,UCf_JGuyhtIeFORNzojPTUZQ,,,,why is the screen stuck in left corner ?,,182,3:02,1597517104116931,182777
,Ran The Potato ._.,UCn8N0hsuiHXqLZatxctSkUA,,,,hiiiiiiii,,182,3:02,1597517104171174,182807
,Mr0s0,UC7UTEemjm_zxNuqJtmw92uQ,,,,Latr,,182,3:02,1597517104344908,182981
,Russian Man,UCvKS3tjbrgbfWRpQvqMXwOw,,,,dream is better,,183,3:03,1597517104368395,183005
,PitifulNote 404 :D,UCiN2B4gEfyoO3lBxuDHoWTQ,,,,i ate a fruit,,183,3:03,1597517104449531,183086
,Fighterpilot360 Z,UC1yw2NMPzSUwYuHSpbGnCEg,,,,late,,183,3:03,1597517104620295,183257
,Slim Sapphire,UCPGw4uBs-tp1mMP1kdiXM7A,,,,The winning pov,,183,3:03,1597517104645683,183282
,Megan briana,UCjVpT_I4XMqVGVWMSUDu1ug,,,,HIIII OMGGG I WAS WATCHING TIK TOK WHAT DID I MISS????,,183,3:03,1597517104685433,183322
,Poshun,UCyGjRwNjB7YUEDDbxNkL4lQ,,,,Late,,183,3:03,1597517104699912,183336
,steve kale,UC2VsoY6O80JdBm3rlSIYUwg,,,,LATEE,,183,3:03,1597517104792186,183428
,Martin Simons,UC8lJo53nXVxlzVdtBfWZ8Ew,,,,MONEY,,183,3:03,1597517104872589,183509
,Sad Dog,UCRQr72VGpOijpzJE_LCx9Vw,,,,bread,,183,3:03,1597517104930189,183566
,Johann Flores,UCeJ8sxPEC-7UEdATfyMhquw,,,,Winners pov,,183,3:03,1597517105139806,183776
,julian Esselink,UC7Je7hivLavHmztHNOJR5Sw,,,,Technodream‚ô•Ô∏è,,183,3:03,1597517105204075,183840
,The Fake Gaisberg,UCXPH4JgNHV8ODmkRFJHX1BQ,,,,Technolate,,183,3:03,1597517105295994,183932
,Lazaro Rodriguez,UCfopWjrYX8MZ1wZEBfnoQAg,,,,late,,184,3:04,1597517105418978,184055
,im quall,UCRkY1LRvtEyd520Z6CqD4tA,,,,This is gonna be interesting,,184,3:04,1597517105489250,184125
,Mr_Dirt,UCPPoXehZNehCItwQmSr1iHw,,,,LATE,,184,3:04,1597517105496314,184133
,Jack Bauer,UCsqXNrkWGHSWlumuAL3D3Gw,,,,late,,184,3:04,1597517105682011,184318
,vKoqz,UCTLpiA0aeyebSbS6taH5ulw,,,,Lateeee,,184,3:04,1597517105938004,184574
,The Devilish Gamer,UCKQEbDwhOg-T83i6VK5rSsQ,,,,it's 12 :30 Am I hope u win the tournament .Goodnit,,184,3:04,1597517106214625,184879
,TheStrangeSith,UCpPjmlV47XPOHvjAm4EYAag,,,,Late,,184,3:04,1597517106308515,184973
,Slow ?;-;,UCtyrlIoeSMg2q8WGV37Aazg,,,,I'm the leader off piga ._.,,185,3:05,1597517106491682,185156
,Neneng Postic,UCYA39PbLBA4CQ5qYSvsOKJw,,,,late,,185,3:05,1597517106500746,185166
,Yarny,UCZ_oqQxQSBygCL1NVlLVs8g,,,,‚ù§Ô∏èüíöDREAMBLADE SUPPORTüíö‚ù§Ô∏è,,185,3:05,1597517106573778,185239
,Leplion,UCTbst8_edxqahTzoDHBQxDw,,,,I EAT BACON,,185,3:05,1597517106678186,185343
,Alpha Mike,UCcuTZfFuK37uSURWMeL9V5g,,,,Why small screen,,185,3:05,1597517106730976,185396
,Lance Schneider,UCWs4G-j4XMPEtvjOuR771jg,,,,Laaaate,,185,3:05,1597517106794593,185459
,Derp Gaming Studios,UCFNgVNQazZKA4a35GTvX4zA,,,,EARLY,,185,3:05,1597517106929428,185594
,MatKat Miauw,UCbLimTrO2SRyeXq5W_rX-4g,,,,screen in left corner,,185,3:05,1597517107097479,185762
,Frederick Ouyang,UCjwMpqR83sgyFtGNf5Mwhtg,,,,late,,185,3:05,1597517107273716,185938
,Findlay Kane,UCsYwPp_22m9eaBJigv6kDuQ,,,,where winner pov,,185,3:05,1597517107297114,185962
,Penguinboy,UCrL4gkkR6DxrHhMoIOIDr_Q,,,,dream's so irrelevant,,186,3:06,1597517107856737,186522
,Fyre,UCi_24QQcgxz3VfCB4P1Npmg,,,,Late,,186,3:06,1597517108139603,186804
,Cristian Zamora,UC3-sIB0R2Y0v--qB7MNg17g,,,,Late,,187,3:07,1597517108627956,187274
,Angelina The Owl,UCMwQ4qchO7k-HHTyuA0aBHQ,,,,LATE,,187,3:07,1597517109263455,187909
,Trax,UC9fSPRfzmdb2uDfpoFydODQ,,,,LATE,,188,3:08,1597517109504133,188150
,NoMicGamer88,UCOqUp6zcxk8dkHk4uApnS3g,,,,fix your screen,,188,3:08,1597517109518722,188164
,Shadow ‚Ä¢ Dreams,UCXtU5tAqvhwYNOcalu9AK5w,,,,why is the screen small in the top left?,,188,3:08,1597517110205648,188851
,marlene Johnson,UC3yYgbvTMmYtLet2k8RpuMA,,,,techno dream support üíö‚ù§,,189,3:09,1597517110386182,189030
,xX1000FeetXx,UCGyyAUkxnALiRDsvPn0_0oQ,,,,you are going to win,,189,3:09,1597517110746014,189390
,HystericallyUgly,UCUV3WBCxNC9AuXFxrwhiU6Q,,,,Ur late,,189,3:09,1597517110758149,189402
,Ognjen Srebric,UCNbR8ALs_LSgFg2JwoJCKOw,,,,late,,189,3:09,1597517111136938,189781
,Nathan Strauch,UCusd5EZJoe4t65RHV1vcmjQ,,,,‚ù§technosupport‚ù§,,189,3:09,1597517111197649,189842
,henrique paes,UCeUNFi7FV9Kze5ysFwfTEqw,,,,Late,,189,3:09,1597517111230125,189874
,Trash boat,UCiNc0HLOCcoYMT8u37Bc2EQ,,,,TECHNOHYPE,,190,3:10,1597517111577010,190221
,Bruh,UCd1IG-olf3b5dfOUL4pqSgw,,,,late,,190,3:10,1597517111624243,190268
,Ultimate_JeremyGaming,UCcJC6KHMp08_8tZ31jubMmQ,,,,late,,190,3:10,1597517111638419,190282
,OofyPlayz,UCD8rRAijcJy2DJUiJgXJSlQ,,,,FIX UR SCREEEENENENENENENEENNENENE,,190,3:10,1597517111672325,190316
,yari pingu,UCqQK3rlLkO4jYeBqwosKokA,,,,WHY ARE WE SAYING LATE---_-----------------,,190,3:10,1597517111777525,190421
,MikeGames,UCp6JPmR1_YiGZzjpKCae-ew,,,,fix screen capture,,190,3:10,1597517111923492,190567
,Felix Ahlstr√∂m,UCDlVT2HDHizy7WZ0n8umHDw,,,,late,,190,3:10,1597517112012306,190656
,XxDark_ _FoxX,UCT6vYXXW5JeVOWuTdvLNTSg,,,,FULL SCREEN,,190,3:10,1597517112050381,190694
,xrkii,UCrblERT0N_BJfR67dfh8TFg,,,,full screeeeen,,190,3:10,1597517112277800,190922
,scary so,UCWj131NQVMS3Ow90LuIHpBw,,,,screen,,190,3:10,1597517112279761,190924
,Emperor Storm,UCrb0tNt9AEKbScdz3uhIawg,,,,# a,,190,3:10,1597517112287770,190932
,seinquant,UC6kxuIy2ix2GNaxpGf64F7Q,,,,BLOOD FOR THE BLOOD GODS,,190,3:10,1597517112374059,190946
,Siripatsorn Jinrakthamma,UCmWz1yvjANrSQmf7F9ehW5w,,,,LATE,,191,3:11,1597517112478628,191051
,Beebumble,UCasrn9h1jfE_sk3l7C4Lmcw,,,,RATE,,191,3:11,1597517112536238,191108
,I am Eeyore,UCoJzMEiGeR1S-pXnJeYYSvw,,,,LATE,,191,3:11,1597517112610325,191182
,Billy Tumen,UCNXBxNEsVXaTBtX9Fc0X0xg,,,,Technodream,,191,3:11,1597517112655799,191228
,u r a qt,UC-9A2ivQwMeQFKs_8mEnx2g,,,,i'm a bear,,191,3:11,1597517112658000,191230
,Matt Gamez,UCq3cK_TKx0WzXNyVvn1axGg,,,,LATE !!,,191,3:11,1597517112669219,191241
,Ivy Slater,UCLEvT0bWBrzyshGJuG3JaSQ,,,,laaaate,,191,3:11,1597517112781880,191354
,Dr Did a Dum,UCGXz7hbGemnl7REc6FM0iaQ,,,,E,,191,3:11,1597517112853590,191426
,mmm mmm,UC1tGqnestIgRYC5cij_HE0w,,,,screen is smallllll,,191,3:11,1597517112876179,191448
,JennaAzer08,UCjfetTUkGzVyO2knE3CBS0w,,,,yassssssssss,,191,3:11,1597517113192992,191765
,MrBacon,UCWL6sSSGLR98xLIwfr9EpBQ,,,,Smol screen,,191,3:11,1597517113395160,191967
,Racquel Cabotaje,UCk1NVNcO25FyYjREMF1r6_Q,,,,PULL AN MCU,,192,3:12,1597517113502359,192074
,Alex Arnold,UCVnOTPGzT7V_fGAplPV1f9w,,,,black screen,,192,3:12,1597517113532322,192104
,Kae Jae,UCZbRgjfuwST3sVpU3RFuuTw,,,,RAWR XD,,193,3:13,1597517114356465,193006
,Hydringea Bruh,UCXfu85gRa87xX8ClP97y8Ow,,,,lol,,193,3:13,1597517114520613,193170
,jokes,UCYLtnAWKyd94NSwOHhzaEcA,,,,potato king,,193,3:13,1597517114532820,193183
,Vampante Official,UCIYEhsHMSMeyZhSwP4IYHHA,,,,techno and dream...,,193,3:13,1597517114876203,193526
,Jasmin Zapata,UCMaqIFxwS08T3bQxz_xEd_w,,,,screeen blade,,193,3:13,1597517114952693,193603
,Axel Gust,UCuKka9txKXiDLNggJyhWSuw,,,,‚åõÔ∏èTECHNO LATE‚åõÔ∏è,,193,3:13,1597517114986233,193636
,Russian Man,UCvKS3tjbrgbfWRpQvqMXwOw,,,,dream is better,,193,3:13,1597517115055467,193705
,Duck-eat-248,UCVJyReo7Lnt-akDZC_OcdiA,,,,Small screen,,193,3:13,1597517115231932,193882
,Subhan Saif,UCzl_eSXf73CEfIXZ6kuja8Q,,,,L<cvvvnmrweIO COD,,194,3:14,1597517115447800,194098
,Kelvin Li,UCc-tP1z_EwSu04-DKohRcFA,,,,ü•µü•µü•µü•µü•µ,,194,3:14,1597517115482308,194132
,Slow ?;-;,UCtyrlIoeSMg2q8WGV37Aazg,,,,pigs*,,194,3:14,1597517115529028,194179
,Beast Wolf,UCT1JzVM0i89y277R2F600yg,,,,DREAMTEAM,,194,3:14,1597517115684110,194334
,THEKING andstuff,UCnl88VJaWHFrOs_s1uclhgg,,,,ez,,194,3:14,1597517115761720,194412
,JustG Games,UCOUB658-mCEbJ1erxUwnMKg,New member,,,:_TechnoStare:SO OP,,194,3:14,1597517115931738,194582
,-HaPpy ViBeZ-,UCBHqLTdp1hmALXJD1-35kDA,,,,U HAVE LUCK ON YOUR SIDEEEEEEEEEEE!!!!!!!!!!!!!!,,194,3:14,1597517115977580,194627
,Never Again,UCpIg09-7xKX9sWVZopIbBPw,,,,lateee,,195,3:15,1597517116583898,195234
,√ô√ëƒ∂√ë√íW√ë,UC-_36uFuwtZ3wSDXOjmUgAg,,,,noob late band,,195,3:15,1597517116662537,195313
,Paffafish,UCJQd-UCXLS6Nu9MgG7eGi7w,,,,Lateeeeeeeeeeeee,,195,3:15,1597517116896019,195546
,zeGolem,UC_7YzDRnUXJCYgQCCWOwMsA,,,,late,,195,3:15,1597517116944185,195594
,Yes I am A R I,UC_K4_7JIj1JtBngcczjA3jQ,,,,Dream and Technoblade supporter right here üòå‚úåüèº,,196,3:16,1597517117430991,196081
,Taktical,UCFX5BJJ5fKrmjnrDRvS8FZA,,,,why is the game in the top corner of the stream?,,196,3:16,1597517117460098,196110
,Agnese Harrypotter,UCJBC5i48gyLeLfmmv2rx_DA,,,,‚ù§Ô∏èTECHNOSUPPORT‚ù§Ô∏è,,196,3:16,1597517117472360,196122
,Mihai Niculae,UC8UwzXs_nyqje4DOP22jqbQ,,,,loo,,196,3:16,1597517117679775,196330
,AthenaD,UC7a5cqaB228mERHilQ4PLCw,,,,LATE,,196,3:16,1597517117922512,196572
,maxx,UCYKteHa6hzipJdopeyk_MrQ,,,,Fix the screen,,196,3:16,1597517118405440,196836
,kosigisa,UCXo8B8RNU5BhZuc8MQqDVKA,,,,quarter screen fix,,197,3:17,1597517118662604,197093
,RedBob21,UCqIn7xFDL_3T-_E2pMuGNXA,,,,Soooo are we supporting Techno or Dream???????,,197,3:17,1597517118964810,197395
,Nightbot,UCSvjQBDgYDB5TGVmCZObcwA,"Verified, Moderator",,,subscribe to technoblade,,197,3:17,1597517119220067,197650
,poloniumdrops,UCpeP17crrTkm9QC4pb-fmQw,,,,LATEE,,197,3:17,1597517119254399,197684
,julian Esselink,UC7Je7hivLavHmztHNOJR5Sw,,,,Technodream‚ô•Ô∏è,,197,3:17,1597517119366481,197797
,sxsenpai,UCK8oQRKUG_SnMmrucBhr0VA,,,,WINNERS POV SPAM,,197,3:17,1597517119500406,197930
,Dot The block,UCCX9dlgmfShm43Q7uixqnhA,,,,WE GOOD,,197,3:17,1597517119558504,197989
,Anomaly,UCt0gQhfFeIZylSburoHRXvQ,,,,HOUR LATE,,198,3:18,1597517119613509,198044
,Kacper Segal,UCOI1Bd3oAUj2az9TUef1dBA,,,,why techno use 1 fourth of the screen?,,198,3:18,1597517119758043,198188
,Reinis Rutmanis,UCx6vtUDNj5u27H5xYeFJ0jw,,,,‚ù§Ô∏ètechnosuport‚ù§Ô∏è,,198,3:18,1597517119771163,198201
,Key Crafter,UCrrF4appC3YFOZ6yplajWkg,,,,‚Äã‚ù§TECHNO SUPPORT‚ù§,,198,3:18,1597517119838268,198268
,Minerva 438,UC-juxwiHIVCXUog1uyyzFOw,,,,Screen,,198,3:18,1597517120118862,198549
,ktb22green,UCZc8QQjEoNdHzpdmNQIKlrQ,,,,LATE,,198,3:18,1597517120161574,198592
,0ofz1 111,UCHEkbjtnTqGYaGN42uu2gYA,,,,LATEEEE,,198,3:18,1597517120177399,198607
$5.00,An drew,UCvkHqEbih_gE6eS42dYTKDA,,"{'rgba': [29, 233, 182, 255], 'hex': '#1de9b6ff'}","{'rgba': [0, 191, 165, 255], 'hex': '#00bfa5ff'}",potato king clout,,198,3:18,1597517120097816,198678
$5.00,An drew,UCvkHqEbih_gE6eS42dYTKDA,,"{'rgba': [29, 233, 182, 255], 'hex': '#1de9b6ff'}","{'rgba': [0, 191, 165, 255], 'hex': '#00bfa5ff'}",potato king clout,120,198,3:18,1597517120097816,198678
,AURA nickkan,UCTMySkK84aN5zX4Wr59MsrQ,,,,TECHNO SUPPORT,,198,3:18,1597517120265267,198695
$10.00,Megan Forsthoefel,UCFlFYSh201DNXWMr-sV_72g,,"{'rgba': [255, 202, 40, 255], 'hex': '#ffca28ff'}","{'rgba': [255, 179, 0, 255], 'hex': '#ffb300ff'}","Green eggs and ham team, amiright guys?",,199,3:19,1597517120506595,199039
$10.00,Megan Forsthoefel,UCFlFYSh201DNXWMr-sV_72g,,"{'rgba': [255, 202, 40, 255], 'hex': '#ffca28ff'}","{'rgba': [255, 179, 0, 255], 'hex': '#ffb300ff'}","Green eggs and ham team, amiright guys?",300,199,3:19,1597517120506595,199039
,AJSmithers 64,UCzII8joRc6XkSvyS1IbAeUA,,,,SMALL,,199,3:19,1597517120788528,199406
,Arnav Nagaich,UCCRS340XsbmEpCQ8RGZvdpw,,,,TECHNODREAM,,199,3:19,1597517120936501,199554
,And Gag,UC3dAAw5BiYap_Q4moGcDJvA,,,,Full screen plz,,199,3:19,1597517120958205,199576
,Blu Designs,UCmoN_ynJbqp0qUSuOA2yAaA,,,,2 MINUTES IN and we have 48k watching LOL,,199,3:19,1597517121058260,199676
,Koen Janaban,UC6pjYQ9kudAQ4wigVTbG95Q,,,,‚ù§Ô∏èTECHNOWASTAKENüíö,,199,3:19,1597517121131931,199750
,iiTyee,UCOYvpfz9lPzSoMRYSlvXOKQ,,,,doop,,199,3:19,1597517121167060,199785
,Pegja _,UC93AUR61AnYVQq7SqALvXRA,,,,late,,199,3:19,1597517121266925,199885
,Christian Salides,UCwd_5Pp4IpSsby88yqSVcXw,,,,‚ÄãLIKE BRUH WHY DO YOU HAVE TO BE LATE EVERY SINGLE TIME SERIOUSLY WHY,,200,3:20,1597517121410165,200028
,Anna Golikova,UC5xnnNZd5ROlksAtd_nixDQ,,,,small screen yea,,200,3:20,1597517121700001,200318
,Lost_coast ._.,UCFTEFOmbpRCaPIGUAh9S1Yw,,,,no being toxic in chat,,200,3:20,1597517121928051,200546
,raspbearies,UC6ZYxr82rLJFeLEAN0e_ulQ,,,,omg i made a stream hi,,200,3:20,1597517122026206,200644
,Dylan Vidal,UC7K3Y2NIzWr4b-feTa-cFAg,,,,Gib Gib Gib Gib Gib Gib,,200,3:20,1597517122331385,200949
