author,author_id,badges,message,time_in_seconds,time_text,timestamp,video_offset_time_msec
he discovered first fun,UCc4KFrcicGcy0vp_JhXhhCA,,Techno Support,0,-0:00,1597516925073495,0
Karimu izerimana,UCnUvceNlV-aDPDKeUw6yRXQ,,17 min,0,-0:00,1597516925082631,0
Maco Cove,UCOSVhpR_DBxVaxDFS5Rzkcg,,Papa Techno,0,-0:00,1597516925847843,0
thet 439,UC4wzcM0MeT2pnK1EYX8B8nw,,Phil is making drugs,2,0:02,1597516926528738,2664
Diego Zucca,UC0V4DwbE-6MHIEtlGt65bNA,,pog,2,0:02,1597516926731740,2867
Lucky Star,UCjUDpfCh6Zj8qxdhOTX7bAg,,Can't wait to see everyone getting tilted cuz techno and dream are in the same team,3,0:03,1597516927133463,3269
Nitch5es,UCjzFCssjGqmLYiaZrDX-NLg,,blood for the blood,3,0:03,1597516927179587,3315
Scarlett,UCd-IpFTPLzOmbNBoGMYp5BA,,hiii got ur snacks??,3,0:03,1597516927298599,3434
bvhdm,UCvxZI-b4csQAat7JEHj9z6w,,‚ù§ T E C H N O D R E A M üíö,3,0:03,1597516927416427,3552
poloniumdrops,UCpeP17crrTkm9QC4pb-fmQw,,‚ù§TECHNOSUPPORT‚ù§,4,0:04,1597516927871225,4006
SPMU 12,UCEr_0wtvrBZtwf2ESelEH8g,,‚Äã‚ù§Ô∏èTECHNOSUPPORT‚ù§Ô∏è,4,0:04,1597516928057441,4193
Meliodas Lostvayne,UCjdoU_WJacCRQOEGyH4Nw-A,,set reminder people,4,0:04,1597516928090229,4225
Chicken power,UCcbGM04ALiu8RJwYyngxOcA,,‚ù§TECHNO SUPPORT‚ù§,4,0:04,1597516928285241,4420
Oc√©ane Tir,UCPkJyA9dUzkx_f53pxvBQBw,,PINK PARROTS SUPPORT üå∏üê§,4,0:04,1597516928386434,4522
cohen teschke,UCZdbj9bJDSJfH4l1O33VMvA,,i think they put dream and techno on the same team on purpose. nywayüê∑‚ù§Ô∏èÔ∏è,6,0:06,1597516928583110,6217
TheMinceCrapBuddies,UC48q4CKZtWCJj05C1HyfkeA,,TECHNO SUPPORT,6,0:06,1597516928583325,6217
jeuc,UCSrJhOkdN1c3GnGTdGeSsLQ,New member,‚ù§ TECHNO SUPPORT ‚ù§,6,0:06,1597516928897817,6531
spacie,UCaLZmOcmLX3Eu3b3vNskjyQ,,POGGERS,7,0:07,1597516929416194,7050
se7en,UCzWF8LYLvVK3wUOe2XJCIWQ,Member (3 months),:_TechnoStare:what is dis emote,7,0:07,1597516929431823,7065
First Sympton,UCa305YdIJUreACCUhlPV11Q,,‚ù§ TECHNO SUPPORT ‚ù§,7,0:07,1597516929626424,7260
May,UCJ-B8TdVubINkAnTzYq32ig,,dream streaming as well,7,0:07,1597516929717504,7351
Jare Bear,UCWoJVcJNsJ_YRxHqC3J15YQ,New member,BLOOD FOR THE BLOOD GOD,7,0:07,1597516929868870,7502
bcsolo,UCfKNmmE6z8atP5ZL3w0XMDQ,,STREAM STARTING,7,0:07,1597516930015379,7649
Brix Fountain,UCA9ix6wGwbhZdPnIkDkWfng,,Techno blade,7,0:07,1597516930199142,7833
–Ç–æ—Ä—í–µ –ò–≤–∞–Ω–æ–≤–∏—õ,UCWyzqYlwTltaqDK6mrzUiGQ,,TECHNOSUPPORT,7,0:07,1597516930342714,7976
Rose,UCxj44V324tWH7e4cH9VRFGw,,ok we all know who is going to win,7,0:07,1597516930359543,7993
Don't Sub To Me I am Useless,UCtA8-GWaMilSEAWZGtY_5_g,,unpopular opinion,9,0:09,1597516931114143,9801
Onion Picker,UCH20mBeeR7C-pFHnsgf-RiA,,Shrek,10,0:10,1597516931327344,10014
Lubna Alhakeem,UCjyEWBzegYgWaQBm9w2cF6Q,,i think the team will win,10,0:10,1597516931459358,10146
That_Anime189,UCfi0PX3E3p58NkUlIpRC2JQ,,‚ù§Ô∏èüíóTECHNOSUPPORTüíó‚ù§Ô∏è,10,0:10,1597516931824243,10511
David Utzinger,UCiprVSaATSpbX2t7_KGllWA,,techno will win,11,0:11,1597516932829713,11498
Calin Mihai Chiperi,UCJ05-IH1TPL_i0cwzwm2TrA,,‚ù§Ô∏è TECHNOSUPPORT ‚ù§Ô∏è,11,0:11,1597516933267969,11937
Invisible,UConRaKo1obOLvqwKtippZiA,,POGGERS,12,0:12,1597516934023008,12692
Zero Gero,UCNkhI0niDpZVuuFyKRijxrw,,üêñ,12,0:12,1597516934095310,12764
chip potato,UCkQ0ne7TLfdWnlc2xbQDhww,,YPPPP,12,0:12,1597516934099149,12768
√ü,UCWVOMHYgCnOF03Y2XlGWFuA,,:_TECHNOSUPPORT:,13,0:13,1597516934451297,13120
Kelly Blossom,UC3R1_Hi_diU47NUcfRK9gBA,,WE WIN THESE,13,0:13,1597516934785758,13454
Baconnwaffles0,UCsh3a0K0veTOLW8W8Z68cIg,,Dreams thumbnail is hilarious,13,0:13,1597516934824747,13507
Hayase Sama,UCvRoxBZX8OeYG_amYev7aZQ,,TECHNO IS STARTING,14,0:14,1597516935341590,14024
Abraham Levy,UCdEhiFlMcPFN4Xp6UdFQJqQ,,Techno Supprt,14,0:14,1597516935457961,14140
Toe Aung,UCvZs1cXk0GrNsGBx99gMjGQ,,IM WAITING MY HEART ABOUT TO BURST,14,0:14,1597516935549437,14232
adult man,UCbiFzuGTU7BeVx-jYJjKKYw,Member (3 months),:_TechnoHeart::_TechnoHeart::_TechnoHeart:,14,0:14,1597516935635558,14318
andrej pohar,UCjWaQgNNDACFX7b2ZSklapg,,‚ù§ TECHNODREAM SUPPORT üíö,14,0:14,1597516936011384,14694
Yeet Police,UCaTZ3KCl0KpBtfgdtmDM54g,,BLOOD FOR THE BLOOD GOD,14,0:14,1597516936037025,14720
Oblivious Dreamor,UCjWcyLpuHdsb1DuNsnTSBAQ,,notfound is practicing,14,0:14,1597516936141690,14824
Aquantis PL,UCg1sqBxUL4pSx_e7ucXL7dA,,stream hasn't started yet and techno already made some money... jesus,14,0:14,1597516936244955,14927
Seenbean,UCV3VlLRjf0wPqyVeKmbbYtw,,BLOOD FOR THE BLOOD GOD!,15,0:15,1597516936352073,15035
Simplytechno,UCF5T_qkpjrMSG-MmmQVBJ4w,,PARROT SUPPORT,15,0:15,1597516936561967,15244
SkelePower,UChHaGp5Nhwlqp9mhndJ2PTg,,‚Äã‚ù§TECHNOSUPPORT‚ù§,15,0:15,1597516937116489,15794
Aleph,UCM2szf14W9DY_9t8Fgq521A,,ree,15,0:15,1597516937119401,15796
Jean Ortiz,UCQ5-C7ntdKFlIvEmNqsvpHg,,‚ù§ T E C H N O S U P P O R T ‚ù§,15,0:15,1597516937265417,15943
Marlon Waardenburg,UCjuGMQfRGmpv_e0aJNigVjA,,In how long?,15,0:15,1597516937282266,15959
Suskueve,UC2GF34F84-YJffPZIDN1vxw,,üò≤,16,0:16,1597516937402653,16080
CrackerWhacker,UCRN2ciA4MEM6U793FOwfmzw,,Techno Support,16,0:16,1597516937802999,16480
Obssesivly Analytical,UCng1WnVQxlESrXUOkt44iBA,,???,16,0:16,1597516937831968,16509
TheOrenjiPotato,UCMjIcNYR8XYshDObHRmYQVg,Member (6 months),TECHNO,16,0:16,1597516938246335,16923
GamerNinjaBilly,UCkiQh_N86kTOoFrCOD5XOLw,,DREAM,16,0:16,1597516938271043,16948
Mr. HY - Malay Anime Covers,UCV_uimC6gk27OI1ZYgjO3vQ,,HELLLLLLLLLOOOOOOO,16,0:16,1597516938283454,16961
Angelina The Owl,UCMwQ4qchO7k-HHTyuA0aBHQ,,‚ù§ TECHNOSUPPORT ‚ù§,17,0:17,1597516938655625,17333
Pathoposadism,UCT4QbEbf4kVm3SQULwQoi-w,,‚ù§TECHNO SUPPORT‚ù§,17,0:17,1597516938666467,17344
Twilight Star,UCTR9u-2k-PmvYHngbAu_Zuw,,LETTTTSSSS GOOOOOOOOOOOOOOOOOOOO,17,0:17,1597516938716397,17393
allison will,UCtj7PRlSMHrTOPKSf39IQjA,,OOH WAI,17,0:17,1597516938968737,17626
yandere. exe,UC8CLHDX_aDx26cF7Tv66n4w,,TECHNOSUPPORT,17,0:17,1597516939255011,17913
Arrow,UC2K1O-9XzTxUbeX2i8HoFGQ,,ITS ON,17,0:17,1597516939313441,17971
Jasmine Cruz,UCffEKiincEZwGvCppNBIAgA,,ooooo,17,0:17,1597516939324249,17982
DaniDamu,UC1UoiYb-ca1Z-LkXjIqHqug,,hello,18,0:18,1597516939416461,18074
Henry‚Äôs Clubhouse,UC2gdNPKHX4vpzXD-m1TRBPQ,,techno,18,0:18,1597516940020430,18678
Grilled Cheese,UCb6ul-S5dZtb7aAffqkCphw,,Pog,18,0:18,1597516940026575,18684
Cleo Ekstrand,UCmrMhDtdx7PLtA1wVhaEdew,,‚ù§‚ù§‚ù§‚ù§TECHNO AND DREAM SUPPORTüíöüíöüíöüíö,18,0:18,1597516940103847,18761
Bloxyen,UCdBvL8_u67lI95Vg-FWy7IA,,Dream team,18,0:18,1597516940257429,18915
Atsi,UCgP5qHMm8esFQN7bsRFy-2w,Member (1 month),techno,19,0:19,1597516940528706,19186
That_Anime189,UCfi0PX3E3p58NkUlIpRC2JQ,,ITS STARTING,19,0:19,1597516940694974,19352
moomoomatt5,UCiT4DUitU_N0Nky3GnC1ovQ,,WOOO!,19,0:19,1597516940920432,19578
EmeraldStarGaming ',UC85tcTa-bbLBnV1sS5WbUgA,,lol,19,0:19,1597516940939836,19597
Emerald Gaming,UCFVjBIOeqblEgk968nXetDg,,Techno support,19,0:19,1597516941042134,19779
Tejas Gupta,UCOdyXfVcKNhasPEaFNAznfw,,LATE,19,0:19,1597516941195899,19933
Cutie_ Alex,UCQYBVL0bgQRg4MfszHuJEOA,,dreamnoblade,19,0:19,1597516941210634,19947
AcleverPassword,UCfXx_KP3KuEZTZLqOT_N8NQ,,Yo,20,0:20,1597516941434101,20171
Minedy7,UCq-uWuKNfkeLTTBig2AWuqg,,LATE,20,0:20,1597516941688352,20425
ElephantGirl_,UCqpIUt1toP_9UgapteKxN9g,,üëë‚ù§Ô∏èTechno Dream Support üíö‚ö™,20,0:20,1597516941707965,20445
Rn1024,UC3REInt8YERz_cjwtOALlkw,,YES,20,0:20,1597516942144505,20881
Karma,UC0TW3KvSWpkhcCl2Umet8Lw,,POG,20,0:20,1597516942246335,20983
Wouter de Bruin,UCP9iGzQTXgMVVeHcH_3OZzg,,Ey,21,0:21,1597516942377348,21114
ahmo2op,UCKozr5CHZf7_HYe2GUy72-A,,POG,21,0:21,1597516942563961,21301
nyhao,UCyOm--LkjzTmmez5fVAA9qQ,,POGCHAMP,21,0:21,1597516942641892,21379
Hair J,UCKK3scKSrO-6a-FG9CqrsZQ,,HEY,21,0:21,1597516942686526,21423
Hop Hop,UC9BRGH5qXWgpYDZowK6pCow,Member (2 months),Aye,21,0:21,1597516942970871,21708
taiyxkii,UCrr9EQRKhLlcaW6k6ID7ZuA,,YAYAYAYY,21,0:21,1597516942997802,21735
David Gervais,UCWPmce2IeAkl45RxMBjX9Ag,,‚Äã‚ô•Ô∏èTECHNO SUPPORT‚ô•Ô∏è,21,0:21,1597516943164951,21878
1 1,UCZvdtJT8LW6opGOL6tw0uxg,,THE DREAM TEAM,21,0:21,1597516943184191,21897
Jooponie,UC9WW95vRgjl1wnRClvomWCA,,POG,21,0:21,1597516943235678,21949
bl√°th,UC4G5o3D30jO47R_kekRfGTg,,HEY TECHNO,21,0:21,1597516943257971,21971
Sleeply Gremlin,UC_asXAhF-kAnX4VYJK_wNfA,,‚ô•Ô∏èTECHNO SUPPORT‚ô•Ô∏è,22,0:22,1597516943297302,22011
Frostickle,UCQ70QQ8_uUIrt3fMBraFW_g,,TECHNO POG,22,0:22,1597516943419569,22133
Marcos Torres,UCg_6QCo1JqNeKipGItfk-aA,,wuuuuuuuuu,22,0:22,1597516943462040,22175
incorect63,UCURgnMlt5mYg1DljsImFivQ,,He‚Äôs not even here yet,22,0:22,1597516943500195,22213
Fang,UCHQKMaWPyaKpGEQB5DmBuFw,,Hello!,22,0:22,1597516943728026,22441
OlavPlays1,UCrBuWM7j3d9ZXbvPGL0op3w,,LETS Go,22,0:22,1597516943736940,22450
mintygirl84,UCNCc2hTT5BUs6ykVkbxbFmw,,hallo üôã,22,0:22,1597516944027307,22741
Benjamin J.,UCKVf3itJe_X_H_JwSpetp4A,,"WE""RE LIVE",22,0:22,1597516944067000,22780
Leonite,UCflHOMzLCIbaqBiwQdUWxiw,,YES,22,0:22,1597516944195863,22909
Abraham Jiang,UC-LblYKN2By0fAIwiLOM4qg,,POG,23,0:23,1597516944319054,23032
Vitrex,UCCb_njMl2ffihB9JW8HhTww,,AYEEE,23,0:23,1597516944415875,23129
GoLd D RiCe,UCwfVzeLEBcV6C5obHDUcJ-w,,hi,23,0:23,1597516944437016,23150
Grant MacDonald,UCUHXBJcL_a8YQynPP8Ah1vw,,Poggggg,23,0:23,1597516944446702,23160
LMFAO,UCi_rpzMO13j6RW255n2wJ3w,,streaming starting,23,0:23,1597516944479535,23193
Sh3d2wDr3g4n,UC0jydPb_Emjj3yUQVHDvb2Q,,OOOHHHH,23,0:23,1597516944506833,23220
Strongest card Ace of spades,UCbwyJMz0vxJai8luW8iveNw,,POG?,23,0:23,1597516944798685,23512
YaBoiSatya,UCl4dzOKcpcseLJq623DV8Ig,,YO,23,0:23,1597516944800674,23514
Gabi Barenberg,UCLjmHovsfaNroQk5eKJTmXw,,TECHNOO,23,0:23,1597516944961976,23675
Dylan The Blade,UCWVczMAXsAlMD79i0INW8tg,,‚ù§TECHNOSUPPORT‚ù§,23,0:23,1597516944981532,23695
Flaming Timelord [FTL YT],UCUtD1G8Hqsts88_O-7yq6rw,,yes,23,0:23,1597516945137400,23820
Adeeb Harb,UCTpCdZC7SN_e_b_WbXAB9Pg,,hello techno,24,0:24,1597516945546911,24230
Matthew Soliz,UCWg0REbsm4tJGUx3qyE-D4Q,,hiiiiiii,24,0:24,1597516945778579,24462
Lilieth Phantom,UCu6IY-JqyD6Yp3yRaUrEX0g,,OHHHH,24,0:24,1597516945873342,24556
Rachael Crocker,UCgLqjKEjQCwzeBP8vqSNG2w,,YES YES YES Y E S,24,0:24,1597516945893681,24577
Stephen Viray,UC2a778YMolrUBpvAkcoh0AQ,,What time does the tournament start?,24,0:24,1597516946087442,24770
Vigro Vigro,UCuAgmCiidi-CJZnHX7NrFkA,,YESSIR,24,0:24,1597516946269622,24953
Andrea Gaio,UC0eNsWM9JmTXTWPqr-pn5jw,,üí™üèºtechno,25,0:25,1597516946695944,25379
MiniMin,UCY6aLI_yUA_agqDW0N37R-g,,late,25,0:25,1597516947058536,25742
Tiny noob,UC2LdLajWor6s8m4iAiP0GDw,,Pog,25,0:25,1597516947102267,25785
owo soph,UCTG1E80Dhz4_StaFroGw-2g,,YES,25,0:25,1597516947109675,25793
Gavin Chen,UCs5tZ3mvthQLSjIgW0ASICA,,Yesss,26,0:26,1597516947313535,26025
Grafik Komputerowy,UC59Wrf6gBE580Cfb-LtY9gw,,POGGERS,26,0:26,1597516947396955,26108
Pikpi Art,UC8NoZh9K5avbiwBpn3gAa8w,,pog,26,0:26,1597516947504811,26216
Clay,UCJ-rRuvvXZ8Om3bUPQ_5G_w,,@technoblade hello,26,0:26,1597516947807706,26519
Ulti2407,UCzJDEhkGWl8FIOqxeGMDl0w,,hey,26,0:26,1597516947948569,26660
Finlay Waddington,UCwFMRHHDqG7GlUa4Ak5P3hg,,Let‚Äôs go,26,0:26,1597516947971177,26683
DeltaRGD,UC5kXvo2zLernZ3NGAeWHBJw,,hype,26,0:26,1597516948074669,26786
ttteeedddoooggg _,UCnYAmDmvYSvgZGHs1x5q1VQ,,POG,26,0:26,1597516948221297,26933
amon,UCqYKlwubYWzrsR5W26mR8cA,,WOAH,27,0:27,1597516948492943,27204
mckenna,UCVCl8H7IMOrxJ4g2ziY02zA,,BLOOD FOR THE BLOOD GOD,27,0:27,1597516948811157,27523
Nick Olinger,UCET-sIJ13b0tqbELwqGvE4Q,,POG,27,0:27,1597516948811445,27523
Classia _I,UCVpdj9F0h4ipq2R-kZ_JWgw,,TECHNO,27,0:27,1597516949018535,27730
Aleks Mercieca,UCc2s9lFUTrjBsdiAHe2UF1A,,HELLO JIDE,27,0:27,1597516949241275,27923
Temsaya,UCHSI4-AMJbYpjPa_Bu_K30g,,hello,27,0:27,1597516949304988,27987
IAmCatto,UC7N-W7J1XJyY_u3a1hsRR4w,,Aa!!,28,0:28,1597516949372064,28054
nice,UCSSjZqHhNHjhBE9UBcA4Hig,,TECHNO,28,0:28,1597516949412360,28094
Arnbj√∏rn Bjarnarson,UCYz4Xw6U0igQT7r2HsMDsug,,yew,28,0:28,1597516949419860,28102
allison will,UCtj7PRlSMHrTOPKSf39IQjA,,OH YEAH,28,0:28,1597516949606133,28288
TheRealSepTive,UCH8wX4yfTLRUpStpA_xykYQ,,Yooooooooo,28,0:28,1597516949714439,28396
Piotr Wi≈õniewski,UCIsanlO9OF-ORqIp5pRSlww,,YES,28,0:28,1597516949787865,28470
CaptBlade,UCLuSMBppIcvKjNnttf1KfWw,,EZZZ,28,0:28,1597516949921842,28604
Excitin,UCyNDJ5upiQAPLvL4ZORCnJQ,,TECHNO,28,0:28,1597516949973885,28656
[] bread [],UCzUQo7gDqB4MYrNhVyoOEKw,,HELLO,28,0:28,1597516950091834,28774
CrackerWhacker,UCRN2ciA4MEM6U793FOwfmzw,,:elbowcough:,29,0:29,1597516950813183,29495
MILIAKTS HAVEN,UC3BuLToyzcnAopfJTJe7KgQ,,Techno lets win,29,0:29,1597516950821370,29503
NeoThunder,UCd1Hdm0dT32NQn1A1DDYTlA,,O:,29,0:29,1597516950976158,29658
GodoRBLX,UCCekp_fUxyvdsVGzM-uO9Vg,,OMG,29,0:29,1597516951103081,29785
Rianna :P,UCWztEzepZrviyIEnINuborQ,,AYOOOOOOO,29,0:29,1597516951119089,29801
Mia Alvarez,UCBSFUNf_qYQ1SajDhBbco9Q,,HI,29,0:29,1597516951165899,29838
Nate Fryling,UCgGhazqOP5za1UVFS9yuUQg,,Techno,29,0:29,1597516951271908,29944
Jack Cooley,UCMDykvPAulYF9pPScGfNB5A,,YEEEEEEEEEEAH,29,0:29,1597516951299630,29972
Sam -,UCgEZhENV8p3_KrlbUh9RRJw,,YAAAAY,30,0:30,1597516951330259,30003
Adele Christian,UCmp5YYyrKHsI0dbVMZ9DItQ,,HELLO HELLO,30,0:30,1597516951447302,30120
Sammi.3x3,UCWcN9xlqJndUzawvEzRP3ag,,LMAO,30,0:30,1597516951485614,30158
Cutie_ Alex,UCQYBVL0bgQRg4MfszHuJEOA,,#dreamnoblade,30,0:30,1597516951532957,30205
Random person on the internet,UCG5--7RaDKfe5g4fudoStRw,,Ok,30,0:30,1597516951730416,30403
KENNOODLE,UCafpHX_OU0NJ2CHihvQUqCA,,hhhh,30,0:30,1597516951899610,30572
Denreib,UCVzsGmkLqn383DQc4lM86Yg,,woo,30,0:30,1597516952162252,30835
m-Kh3ild,UCYn_m1dbTGi7Opkl7hpbJHA,,HELLO,30,0:30,1597516952302377,30975
Creator 290,UCAyAvYPk1_ML58qR2BUCrAw,,REMEMBER TO SPAM USEFUL TIPS DURING MCC INSTEAD OF JUST CATCHPHRASES,31,0:31,1597516952406995,31079
Dragonflight55,UCUbK0ML2ktO_L6Uv8PAatKA,,Technosupport,31,0:31,1597516952485544,31158
avidsquirrel,UCTlw8tyN8HdEkXAiBZEt_kQ,,Hi,31,0:31,1597516952553246,31226
Sebi Z,UCzUySxAxXnKcPtg0mqirbUw,,Pog,31,0:31,1597516952580587,31253
Vaca the Cow,UCS0OwNbdQAMtsZtq4wzwnVQ,,technosupport,31,0:31,1597516952919397,31592
Tom Steed,UCTrZ4piYATSfEvyxLtMOnXw,,hello,31,0:31,1597516953088986,31761
ariessing,UCEfcn5tFkQnzkBoM60bLgcg,,YO,31,0:31,1597516953099213,31772
Clyst,UCE7TP_RCgBVpll0PY4JGpQQ,,TECHNO STREAM,31,0:31,1597516953213214,31889
Xymah,UCWSRHzKtHTExoRcHNp4tzKg,,Heyyyy,32,0:32,1597516953463349,32139
TakoKing2121,UCc2C9iSGYEkDMxrk1FxMo0w,,why are people stanning over techno and dream,32,0:32,1597516953513706,32189
Siripatsorn Jinrakthamma,UCmWz1yvjANrSQmf7F9ehW5w,,"TECHNOOO AA,KK",32,0:32,1597516953661435,32337
Miniwa,UCYxzrLUCp2iL5Vy0vgKZ8ew,New member,LETS GOOOOOOOOOOO,32,0:32,1597516953723608,32399
Synatic Dez,UCeQ4hxd1Ve77d3V_RpjSolA,,Yooooooo,32,0:32,1597516954031534,32707
Zup Cun,UCe3Om_SAND8r3l59kF8v2NQ,,POG,32,0:32,1597516954034081,32710
Catthewood 74,UCJMTPzEN92JK0SkEqCR8WlQ,,Pog,32,0:32,1597516954157269,32833
aeriesdreaming,UCRRnAwfpsG8FDIdG-8bJ6_A,,TECHNOO,33,0:33,1597516954415817,33092
KonradGamerTV,UC1c-m5vLrKhAdfLpvfTmA1Q,,Hi,33,0:33,1597516954501149,33177
amnxsi4,UC0AAL-Bj2bFaN6Q-juYy5Jg,,POGGGGG,33,0:33,1597516954595389,33271
sqntax,UC8GDBFmh7kMA79Edhd15B-g,,HELLLO,33,0:33,1597516954904541,33580
Dominio‚Äôs Pizza,UCzfMlzIIrrBtlUpI9knNmlQ,,Pog,33,0:33,1597516954929708,33605
Darklight._. World,UCMY0hKlTK2g0HtcbF4aGX0w,,HELLO,33,0:33,1597516955005992,33682
NitroRabbit,UClqS7jFNtjoM4S85MXcuJ5w,,POG,33,0:33,1597516955353270,33887
siria.,UCuHDmPchUvgjV4Ti_EPedRA,,hiiiii,33,0:33,1597516955381802,33915
Jordan Plays,UCrBFTBnqW832JVYl1pUqoOg,,Hi,33,0:33,1597516955429245,33963
FreeeShavacado QT,UCntRcIIx57xNjS0fcAqzj1g,,Pog,33,0:33,1597516955436905,33970
postscratch,UCDkblkwWOrseTtAhUaSKo3g,,HEYYY,33,0:33,1597516955445166,33979
TakingBackJerusalem,UCXsq9CTUP5qAtAuh4H_M4UA,,TECHNO POG,34,0:34,1597516955471486,34005
HamX,UC3aPRw-rTiaAIKRhbrZQ7gw,,Your screen,34,0:34,1597516955492063,34025
Minecraft Lets plays,UCnWBTFJEfTEkk3GDMPXQSPw,,hi,34,0:34,1597516955612883,34146
Nicole Jimenez,UCAlCfXp-FJuLOguKAYMI6-w,,yo,34,0:34,1597516955748094,34281
ElenaWolfy,UCaEEHxow0MP2Q58NWya-Kxw,,POGGG,34,0:34,1597516955797923,34331
maybeitsright,UCQ1SBjH_9gwsx947WISQxTg,,AYYYYYYYYYY,34,0:34,1597516956004879,34538
IGNS ST,UCgWbIzHhCLmWh8m64-VQLGw,,bruhh,34,0:34,1597516956064578,34598
Manga Reader 831,UCNSKfSPxg5pA7j3d2MhMI4Q,,yes,34,0:34,1597516956163250,34697
LaZe Creed,UC2WVuFFcGxaLPMDBlYFhMgQ,,Bra,34,0:34,1597516956168612,34702
Klance is canon thankyou,UCbsLutWaWuTYR1rhAJ5Z_zQ,,YO,34,0:34,1597516956217206,34751
tttlol101,UCE6CNtEuMp0gDiW7pY30aiw,,yeeeeeeasss,34,0:34,1597516956278045,34811
Aslym,UCWYv5jTNY6Bd6mMR6EB3gdg,,Hi love!!,34,0:34,1597516956344069,34877
FireLightSounds,UCMoYIwovJi1x124A0igJImw,,LIVE!!!,35,0:35,1597516956612930,35146
zach the zoomer,UCSlptJ1152hhis3qz-Wf5lA,,pog,35,0:35,1597516956684378,35218
bigdaddy_Urtrash,UC1KBALk6VSG8J7BagwkZV5Q,,i love you,35,0:35,1597516956925098,35458
NOAH ROSE,UCy_A330Rql3j9WxmV233fQQ,,hewwo,35,0:35,1597516957014259,35548
Ahmad Basim,UCiqW64E5OwwwDbcwzm8C2gA,,Yooooo,35,0:35,1597516957022318,35556
TriGN,UCFeyAASaL_VihfWgpd4POTw,,HIIIIIIIIIIIIIIIIIIIIII,35,0:35,1597516957066716,35600
WeAreBigPedals,UCsma5TLmEZ7162NWMFett6w,,yoooooooooo,35,0:35,1597516957148445,35682
grace froberg,UCA-czEBs64DvBCKLnmcVwlA,,YES,36,0:36,1597516957306363,36010
Landon 543,UCX5o1qKZ8VZFgWq5KgmbpuQ,,it has began,36,0:36,1597516957539212,36242
Your Worst Nightmare,UCnsTBXJ4Nx08zGhRkDG7HNg,,HI TECHNO,36,0:36,1597516957678436,36382
Michael The Microwave,UCiHq3V9SogtodSdSOggWIYw,,Omg,36,0:36,1597516957727260,36430
EgoSumMaximus25,UCeWvnrCZGRMx09oPRNtT_Fg,,TECHNOPOG,36,0:36,1597516957899754,36603
beewithanose,UCUdTHigNlhm1uLumiLs0vow,,techno!!!,36,0:36,1597516957964389,36668
Grindiflin,UCPSKnUW-toYWTTmD6eDfyZQ,,I am so early,36,0:36,1597516958113282,36816
Totoba S,UCvxPTSK_x1Nw18r6f_tROIw,,‚Äã‚Äã‚ù§ TECHNOSUPPORT üíö,36,0:36,1597516958222972,36926
Piotr Wi≈õniewski,UCIsanlO9OF-ORqIp5pRSlww,,TECHNOSUPPORT,37,0:37,1597516958297121,37000
Paulo Andre Gonzalez Quijano,UCIoifMG8CoZPLfSXezbnqiw,,YES,37,0:37,1597516958446046,37149
Mihai Dragu»õa,UCcIDXWQ3igEWNwHyM_FOZPA,,omg,37,0:37,1597516958620785,37324
NIGHTMAN,UC60sFnLUmv7HF01CZjMQuaQ,,boiiiii,37,0:37,1597516958716655,37420
Pursue,UCZEXwCtRLsxnS9gV_g_MjxQ,,Lesgooooii,37,0:37,1597516958754153,37457
ItsFrickenMe,UCqMh9ESJ6AlWnGmtM3METBA,,Yeeee,37,0:37,1597516958993071,37696
Gizm√∏,UC5TRtxJh5Vb-ICO9EW14fYw,,hiii,37,0:37,1597516959120643,37824
KingCurlyWurly,UCJvH6lz8DnqrhbK66L0Cw-A,,IT'S REALLY HAPPENING,37,0:37,1597516959266667,37970
Adeel Ali,UCgynPIVDKC6shermi01ammw,,heyo,38,0:38,1597516959614182,38296
Lizzy Epping,UCM6lkob4l2DQgZSHqPnNIyQ,,Hiii,38,0:38,1597516959615575,38298
Super Lllou,UCn24ibysane57QgRPSS1pRQ,,HI,38,0:38,1597516959928499,38611
Shadow,UCZlKHu98DoiwWoiEXNpgUiw,,Potato king is now mcc king :DDDDDDD,38,0:38,1597516960043125,38725
SpecnoTheFirst,UCPTTu_ISXhtSKbnUSUXGwMw,,Yesss,38,0:38,1597516960230346,38912
littlesunnysyd,UCuFyBqz2MaSra-K-eredFlg,,TECHNOOOO,38,0:38,1597516960303026,38985
pleeo,UCkMO4zGw5Fi68wYGYti44uQ,,Pog,39,0:39,1597516960419108,39101
Joseph Dean,UClILtFtgwOQvmNe8GMak4_A,,Dab,39,0:39,1597516960489782,39172
Sandur,UCv3Uf6HGmHgXj78B17lxpUA,,POG,39,0:39,1597516960630788,39313
Dexterity,UCDplKgsEM1nuP5_1_-MUxVg,,pog champ,39,0:39,1597516960745844,39428
Mr. Doot,UCh236e9kRrWFqE1r_oAz0nw,,THECHNO POG,39,0:39,1597516960991216,39673
Kouros JAVAHERI,UC8pOpk1Q7rZIE-kWCSsRYDA,,TECHNOOOOOO,39,0:39,1597516961058219,39740
XENO_XIN,UCxgZAhoIXgIntSX7T_K748A,,he have spoken,39,0:39,1597516961103209,39785
Caitlyn Kaye,UCHS3keurbRBXiW6mX2-oRfw,,POGGERS,39,0:39,1597516961142025,39824
Ellody Carson,UCHoeCqWVCUhTWyhex5QFFwQ,,HELOOO,39,0:39,1597516961265782,39948
PuppyGirl0918,UCbkyWJPzjN6g4g63zgfS2Iw,,YEAAAA,39,0:39,1597516961293194,39975
Avy,UCk6AR8ftvaW1NF4lFs0SGUg,,hello,40,0:40,1597516961362405,40031
aqualeon_,UCL8xG5KA3Eza2WPZVuInvhQ,,GODSPEED TECHNO,40,0:40,1597516961544489,40213
Ninjapilot10,UCmWTP1FZiwvUydri4spxHXQ,,AYYYYYYYYY,40,0:40,1597516961581530,40250
KeytonoX,UCrI5FljNaJQ5fiIqGFpJT5Q,,We win these????,40,0:40,1597516961606010,40275
zimmyo,UCfsRcrmspQgEuhkjarFcEWQ,,wooo!,40,0:40,1597516961820388,40489
Moved to the channel in my about page,UCG0ThursH4oSjbbxPYNKY9g,,POG,40,0:40,1597516961854506,40523
james halliday,UCU2DzH3kg2FmZN-Vcx0DNQw,,Hi,40,0:40,1597516962093304,40762
Wendigo - Tales,UCtJSHIewgiTD33OtUuT7OLQ,,"oh shot u scared me, i was tab off--",40,0:40,1597516962312555,40981
Christian Salides,UCwd_5Pp4IpSsby88yqSVcXw,,OMG TECHNOBLADE,41,0:41,1597516962410054,41079
Blazegaming,UCqQrI5nRg5szu-R1HYb0oTg,,too good,41,0:41,1597516962478402,41147
Minecraft Person,UCL5HKjbzRvXrkI8vNdkS7hA,,HEYY,41,0:41,1597516962478925,41148
GodBlue,UCVlf6jKJk4Hjp-_5vr7OnEQ,,techNo,41,0:41,1597516962507286,41176
Your friendly Neighbor Dan,UCRDbcFEhjjc4oZs9XTYr-Xg,,LATE,41,0:41,1597516962558796,41227
Mushui Zhu,UCMvVBswt7yM4R18FJ9GeYFg,,too,41,0:41,1597516962571562,41240
johanna,UCgHIzD-OK0fgg5txhOiLqYw,,OMG,41,0:41,1597516962776380,41445
Garrett West,UC51vjtsJUBt81l_TWPLSuXQ,,"wait, this is illeagal",41,0:41,1597516962826092,41495
_ xProjek,UChuSzE-vx6poJ-C6G8E9-6A,,What‚Äôs up,41,0:41,1597516963025441,41694
b word bro,UCvv_HX6zHhWnddNmL3gWK_w,,omg tachnoblade,41,0:41,1597516963026105,41695
The Fish Man,UCniZr6jRWcwheVOmn2YPgTg,,TECHNOPOG,41,0:41,1597516963031583,41700
PongoPower,UChRecY97589V5WhDnSSmpNw,,POG,41,0:41,1597516963252266,41921
Logan Cole,UCm7gpkSTx0R4cgbPjK3Hy7w,,oh yeah,42,0:42,1597516963586336,42267
Crocogile,UCelOSTMrhLIJ000NdOPFpTg,,Hi,42,0:42,1597516963637268,42318
Wengineer Kim Productions,UC4lavrSRJaE-SaH8a0M5x5Q,,Hi,42,0:42,1597516963646653,42328
Chedder 69,UCtmIs7q1_GhbfMc8UclnC7g,,‚ù§TECHNO SUPPORT‚ù§,42,0:42,1597516963830700,42512
Edgar,UCAyjmYFjPt1-3HSPR_SeGVg,,techno support,42,0:42,1597516963914144,42595
Cobra,UCEyhDWAPhAqfgn6QzFwEypw,,late,42,0:42,1597516964075927,42757
Meklari,UCXNAVHS7PWrrzy8vy03xvgw,,hi,42,0:42,1597516964151213,42832
Techno Support,UCFNP4bU6ut8PSnHexyahHSA,,Reeeee,42,0:42,1597516964153736,42835
TomatoManPan YT,UCJGPNyh8iETGtMqREtjofUQ,,TECHNOSWAG,42,0:42,1597516964167340,42848
Temp Furion007,UCTiVEMKRgs5LBlB8CSq8hNg,,hi YT,42,0:42,1597516964277073,42958
Annie Roonie,UChqWhD_kyFJDGKJ2tyV-_yQ,,‚ù§Ô∏è TECHNO AND DREAM SUPPORT üíö,43,0:43,1597516964497182,43178
Tarzan 666,UCMRughKFc-rXiQjbLLlpZxw,,techno support,43,0:43,1597516964643959,43325
Pro Gamer Moves,UCOEcWjdCPrYaUZ8lm7mIL2g,,We win thesee,43,0:43,1597516964662688,43344
Power Clan,UCsVP8ngtz7Qj3UHHgfbN5JA,,POG,43,0:43,1597516964747210,43428
Lovely Dreams Microwave,UCCXUQQk7BGl9caD1XfvPwFQ,,WOOOOOOO,43,0:43,1597516964828372,43509
lil Weeb,UCVoKP3MSHwIFO2dabEM6W2g,,Hi,43,0:43,1597516964880348,43561
Not Joxkz,UCdyPbflpSMAsyD44wFxbmMw,,Heyyyyy,43,0:43,1597516964932397,43613
Haunted,UCuaBI-hqLFFpyy1Q_m5zE5w,,hey pig boi,43,0:43,1597516964962738,43644
Uchenna Ezekwesili,UCaL7aQ3w7qOcenhr2Ghg2Zg,,BLOOD FOR BLOOD GOD,43,0:43,1597516964973602,43654
ÍßÅA genderless donutÍßÇ,UCCB0HlUZcfOn8gkL5Ce67RQ,,AYYYYYYYY,43,0:43,1597516965171886,43853
Seby T.,UCh6znmKfuHV1qhLPXZlfl0w,,Pog,44,0:44,1597516965348434,44029
A R,UC6RNJuTRMHyOx__UfHuvrKA,,techno support,46,0:46,1597516967695732,46284
stan the dream team for clear sk…™n,UCc4Ncm9MWaRQyPq0C8HGZFQ,,yoooo,46,0:46,1597516967903359,46492
Communist Dog,UCm_1nF9KLHsIsgbO5fzdazQ,,ITS HAPPENING,46,0:46,1597516968015225,46604
Macknificent 101,UC-gxUEO3bSYPjKV_giAuHjA,,TECHNO SUPPORT IS HERE!!!!!!,46,0:46,1597516968033582,46622
Baby Yoda,UClPFejn_E0ToC7iobNUQ4iA,,OHHHHHHHH,46,0:46,1597516968057203,46646
lemonade man,UCw0zgODF45LCSB_k4JTYM8A,,YES YES YES,46,0:46,1597516968085838,46674
Piotr Wi≈õniewski,UCIsanlO9OF-ORqIp5pRSlww,,TECHNO IS LIVE YES,46,0:46,1597516968205911,46794
Wardoxy,UCM8sT8Gw5DVkd3UU6F1wjzQ,,So many stans world can't handle this,47,0:47,1597516968421302,47010
NonstopKeanu,UC3yjKNM2GqRoxRWXTiWkl1Q,,LATE,47,0:47,1597516968558126,47146
Scarlet Cript,UCJbgIuyIwCPp6E0KB0Y7_JA,,POG,47,0:47,1597516968629596,47218
Scimitar,UCvKF5yKvYSSMQqNG_XVC-7g,,‚ù§BLOOD FOR THE BLOOD GOD‚ù§,47,0:47,1597516968721747,47310
„Éä„Ç™Naotozo,UCw4aZL-j8gJm9pcGEGGNiWg,,TECHNODREAM STREAMMM,47,0:47,1597516968805094,47393
lucashasnoidea,UCD9nNVlNuNqJ-TZEB-Wzmyg,,POGGG,47,0:47,1597516968829777,47418
Dmitri the Grape,UC_1q-N4dDdI8XFwLnFI5iVA,,WOWZA,47,0:47,1597516969075639,47664
Open Space,UCaBDWklw5quL5ozu3oq0qow,Member (7 months),LATEW,47,0:47,1597516969257139,47845
Spayce,UCE6wa5ov8yLE7wvTWQkR8mQ,,yoooo,47,0:47,1597516969321834,47910
Jackson Lindsay,UC1sbemYsYgxx48tY89XxH2w,,Dream team?,48,0:48,1597516969628951,48201
David Carton,UCL6FmzbvbLqgYXFHtewMP5w,,yes,48,0:48,1597516969785957,48358
Amelia Johnston,UCRqb-C-BgfftTdHapniZX2g,,Aye techno!,48,0:48,1597516969929912,48501
Optimal Unknown,UCc_Tdr9Hg_YC4LKT1AWgnjg,,TEEEECHNOBLAAAAAADEEEEE,48,0:48,1597516970020533,48592
Pooky Tobias,UCZPDEosKcmT4cCccj_yfqZQ,,what the,48,0:48,1597516970335161,48907
ABlockOfCoal,UCm8wPCo88DAburuoNOT2iJA,,Late,49,0:49,1597516970473288,49045
Mikexeon Mobile,UCqQ8mx0KZotkQPKOupRWacQ,,late,49,0:49,1597516970549430,49121
Alejandro Hernandez,UCsJJ1S0e-irFBo4dj2jlVcQ,,E,49,0:49,1597516970658035,49230
MangoMania,UCqZNXMYaJ23nOXpjLQn4OdQ,,LATE,49,0:49,1597516970835964,49408
White Tiger,UCw1bj3GPhzd0Ye1zFPJtftg,,Late,49,0:49,1597516970843963,49416
Tyson Vo,UCgLgVgnHSa5Ob-hUMblhJtA,,Pog,49,0:49,1597516970938356,49510
mat the norwegian bored boy,UCnrB-GI3_A6PqD8exbqwTAg,,SUPPORT,49,0:49,1597516971009469,49581
Sofus Rudaa,UCeFqaUYaJlOLO1NdArkUEsQ,,BLOOD FOR THE BLOOD GOOD,49,0:49,1597516971063324,49635
spacemilk,UC0NCEjIuE9tCctkaIEqN8rA,,AYYYYY,49,0:49,1597516971080909,49652
ThePugOverLord,UCUY2l6sRghBy7s9QoU-FUXQ,,Late,49,0:49,1597516971170295,49742
sarah y.,UC5C4DD7NsUD8t-fRt0LWvzg,,HELLOOOOOOOOO,49,0:49,1597516971234244,49806
Niemeand,UCwY8M-7ERIMWnMX9HH-OG6g,,die tecno die,49,0:49,1597516971248880,49820
Chopkeys,UCzsqP5C2cYMOcjecg5DeduA,,ITS EARLY POG,49,0:49,1597516971257094,49829
num472 productions,UCqzqnyeAaPeA_9Mxls2rhKg,,LATE,49,0:49,1597516971280674,49852
Carson Child,UCCKIuu50RUeYHyurbGOnhKw,,late,50,0:50,1597516971480437,50052
Brigid,UCAj_k-nbo_V4oFufw-l01hw,,AYYYYY,50,0:50,1597516971529126,50101
Arrow_ W,UCTOBlb55TYHL-_jXf5MvWmg,,‚ù§TECHNO SUPPORT ‚ù§,50,0:50,1597516971619146,50224
Ulrik Bilkenroth,UCiD8BPYcXDktpo53pHRUb4w,,üíödream teamüíö,50,0:50,1597516971655705,50261
CrackerWhacker,UCRN2ciA4MEM6U793FOwfmzw,,latr,50,0:50,1597516971747592,50352
Heck,UC9biwD2iR3oMppVznC8oYJw,,TECHNOBLADE I LOVE YOOOUUUUU,50,0:50,1597516971755637,50361
frw0zrn,UCkjJFWX3lCpW4xrpci_4DBQ,,yooo,50,0:50,1597516972184809,50790
Bƒóbras,UCqNnGqQ0XfZ-x4w3CuZ4yMQ,,late,50,0:50,1597516972291969,50897
keith Mahatamachai,UCM9xchhJ4MY2Gj1Eo0zaJZw,,Late,50,0:50,1597516972376439,50981
Bente W.,UCi6BPNQ-IMKzVwgi8uBYykQ,,Late,51,0:51,1597516972398207,51003
Once Twice,UCbQ0VxvH9_dJi2AyOl_mw4g,,late,51,0:51,1597516972454609,51059
UmjiWillGrow WithBeef,UCbawMWX7oB8j5b6WO3ancBg,,LATE,51,0:51,1597516972649206,51254
kacper SZMAL,UCYROCHXgQYoqYpD2yQLo-nw,,lol,51,0:51,1597516972710367,51315
Ender Chicken228,UCSlYbJquUqRtBMmfuQIOPNA,,Late!,51,0:51,1597516972866098,51471
frick central,UCKvIZ4oA58URdRVwYFj-l7g,,LATE,51,0:51,1597516972885903,51491
Life as JayRL,UCYksXq2GhAfZUKWwjJCyXdw,,Pog,51,0:51,1597516972934527,51539
LaurasEdward Taylor,UCee7jaejHXwDjgoCmYAMosg,,Late,51,0:51,1597516972952718,51558
xsilverr,UCYjjfmn4RdjSNRiNX-xy0OQ,,ez,51,0:51,1597516973120529,51725
Carter Hanson,UCShrDikGrixULy6v-Tcxt8A,,hello,51,0:51,1597516973337284,51942
Thejuicest Bacon,UCFlHyMa4hzfaJcNqb7d9GcA,,Late,51,0:51,1597516973362281,51967
Zach,UCHgR9NRlVFutkLSfv-olGQA,,Late,52,0:52,1597516973398209,52003
MashdTomato,UCDsJ2OkUn2xzkMGqvAqXOQQ,,Techno pog,52,0:52,1597516973422290,52027
G G,UCHBkqgPhUZaCL5aV2n0hbHA,,late,52,0:52,1597516973488520,52093
Bruh moment Am I right?,UC9S9g9jpR-yqqqEbJz5bssg,,Late,52,0:52,1597516973491156,52096
Alex Radgaming,UCdCb0JJ6_-CbK_T14VqiftA,,Late,52,0:52,1597516973583308,52188
MR.A1RSTAR,UC_7VeP6nMRR5ZadlI5XluEA,,pog,52,0:52,1597516973610753,52216
pandaretor,UCtt05YHUOpgOZoMRmp2Bs8g,,earlly,52,0:52,1597516973932226,52566
D0ggo,UCCd_Q5sUVMjSJbZxke3pL_Q,,Late,52,0:52,1597516973971636,52606
Loomsy Nimo,UCAh48RYU5MCqbx9vPpZDFPQ,,:elbowcough:,52,0:52,1597516974032211,52666
GoCrafterGo,UCiMj0KozwV25axv5y-z3fyw,,late,52,0:52,1597516974286858,52921
Elizabeth L,UCtOZQMHRyHiOTznqUq_wk1Q,,LATE,53,0:53,1597516974456030,53090
codenameMILK,UC3UG-Qy7AzYU_SZvHH9UTPg,,Ooooh dreeeeaaaam,53,0:53,1597516974487503,53122
DragoLonk,UCvyO2c4-eGGy9lxRkcFyQAA,,Pog,53,0:53,1597516974634351,53268
pig1111q,UCutywXRhoe9QPtZrH0I2IVg,,tecno,53,0:53,1597516974683292,53317
RURF,UCa91wyK-HjP87LGO7vurVFQ,,early,53,0:53,1597516974698528,53333
Ashley Solis-Garcia,UCwjgtJDdSFe2hxV4yqR2YLA,,LETS GO,53,0:53,1597516974812942,53447
Isaiah Garcia,UCJZ8w9CvPrH9jxH1ufehDsw,,POG CHAMPS,53,0:53,1597516974850362,53484
fatamo,UCESr4zDNuKFBblTL4jwYM1A,,LATE,53,0:53,1597516974905485,53540
Furinick,UC6XnsO0MAxpyYVXCz8ilVTA,,EARLY STREEEEEEEEEEEEEEEEEEEEEEEEEEEAM,53,0:53,1597516975079707,53714
Hugo Hoekstra,UCVC6GnI8yBqHtWOAddoFtYg,,late,53,0:53,1597516975133193,53767
Xatus,UCdSPzGfHJ-Oo27ofHnftA9w,,Late,53,0:53,1597516975143376,53777
Railgun-,UCGTKwZZIaEhPNV5y1i2HRVA,,LATE,53,0:53,1597516975151245,53785
Talan Pearson,UCpxFCV1G_dwAKJz7sLqR0Pg,,LATE,53,0:53,1597516975280776,53915
Skawn2,UC5yR1ACdKx8sHp-O-LyWI-Q,,hello,53,0:53,1597516975341676,53976
Mutarbo,UCfe5gxnI7fhrWenEfDHBX7A,,EARLY,54,0:54,1597516975635165,54269
Blazeplayz god,UC5Ch5x429E8sMHJ6l3FAtVQ,,YO,54,0:54,1597516975785286,54414
InfernoManPlayz,UCwmrWf46N2jCzrsrhqA4_qQ,,hallo,54,0:54,1597516975857506,54486
Jus_Fire,UCed_EnAXCk3t1blhYG0Xu1g,,early,54,0:54,1597516975885164,54514
Nathaniel Flynn,UC_CDzIXYrAdMWUvhDMawMBg,,early,54,0:54,1597516975921314,54550
Wouter de Bruin,UCP9iGzQTXgMVVeHcH_3OZzg,,Early,54,0:54,1597516976086962,54715
Leland Carpenter,UCalOoZdxXL0vSzVi5npeN9w,,early,54,0:54,1597516976089969,54718
Chris Kyle,UCjurPolMRBPl9itq-DExbQw,,Late,54,0:54,1597516976164793,54793
HentaiAddict,UCdMJz3zTlFcfQu8b0go53Pg,,late,55,0:55,1597516976394118,55022
Jett Pennington,UCk9Cb0BBL83vOIAxj3qK0CA,,LATE!,55,0:55,1597516976414435,55043
soggy splatoon,UC7IajRZfzUO1BBs5xtUMNIg,,early?,55,0:55,1597516976812969,55441
NullBlade,UCsBIEsXEG5k3PNRwBRxAX7Q,,late,55,0:55,1597516976946590,55575
Silxnce0,UCxyE6HkKwTC9aHMD5GKc1Qg,,late,55,0:55,1597516977105868,55734
Nathan Knudson 2025,UCuyhWgp07azseYL-WSMfwtQ,,EARLY,55,0:55,1597516977365340,55994
Carl Kellen,UClCm_c_hySHpJGVL1Qznulg,,Techno,56,0:56,1597516977378080,56006
PoltixeTheDerg,UCLxJvxhUooURrVqn80vPFvQ,,LATE,56,0:56,1597516977513734,56142
Power Clan,UCsVP8ngtz7Qj3UHHgfbN5JA,,THANK U,56,0:56,1597516977743638,56354
ilikemeself,UC6-r9yMhcLYehYiYb9_MWWw,,Deea,56,0:56,1597516977754515,56365
Dean Koutouras,UCUgcazacdAAnB5lk-KkoHvA,,Late,56,0:56,1597516977871670,56482
spicycow,UCEyczlPaIFBmqAxwtNqWMgQ,,technoblade!!!,56,0:56,1597516977904922,56516
AMachine44,UCL8WuSB_rKr3HCqe_EtToYw,,EARLY,56,0:56,1597516978095833,56707
EC Gaming,UCxDtlSISlIrxU6ueYbLt0_w,,EARLY,56,0:56,1597516978191445,56802
the gamer cup,UCg1xKlMtphfIIequGkTNLCw,,yes finally,56,0:56,1597516978351027,56962
DALBlackRose,UC4CM7WPb9J9gkppw7C_e45Q,,Drechno,57,0:57,1597516978568693,57179
Norwich Are the best,UCIViBdw0zAE1uEUZrl7G-2Q,,LATE,57,0:57,1597516978726805,57338
vg v2,UCuDWzrbjk2w-86VB-9rmjMw,,yea this is early,57,0:57,1597516978882865,57494
Henry Weinerth,UCcqqh3s9BcYdRwtpUSvdXaw,,Texhni,57,0:57,1597516978948962,57560
Ingrid Vance,UC-cJkabfD1BxK5f3p389eZg,,EARLY,57,0:57,1597516978978795,57590
JoeTheHobo69,UC2a-Whi7M9O92omw5hoDzCQ,,late,57,0:57,1597516979102992,57714
Caitlyn Kaye,UCHS3keurbRBXiW6mX2-oRfw,,LATE,57,0:57,1597516979167966,57779
TentacleBoi,UCK2uaWOT0lYjuRADllAm4Ag,,EARLY EARLY EARLY EARLY,57,0:57,1597516979373299,57984
TTrollkoo 1157,UCZtu4v4rfpY5COTAg3sTXvQ,,Spam late,58,0:58,1597516979476707,58087
Tirimor Greyshield,UCUDsdGq4Q7E7W0mNJ5GYXhA,,This is going to be a bloodbath.,58,0:58,1597516979796511,58333
Mr_Dirt,UCPPoXehZNehCItwQmSr1iHw,,LATE,58,0:58,1597516980114959,58652
Evan Joyal,UCRLypPQ0LBQjfhsFeo5Y8vQ,,I was just watching tommy Innit techno blade get blood for the blood god,58,0:58,1597516980196880,58734
Secretive,UCaz7iRoeoXNbq7bmzFhp3_w,,Heyyyyy,58,0:58,1597516980246177,58783
Noah MC,UChE1BtQEoKXuR7mwTOrELqA,,‚ù§TECHNO SUPPORT‚ù§,59,0:59,1597516980632421,59169
DacianEmpire,UCtP4-dWHp4qfLMvdtwbAbsQ,,TECHNOOO PLEAAE NOTICE MEEEEEEEEEEEEEEEE,59,0:59,1597516980774983,59312
"Hi, it‚Äôs Zane",UCi9EZ23xV0VrvMNf-u0aHOg,,LATE,59,0:59,1597516981039408,59576
DD767,UCmjme_x50slMZn6cy33Mmcg,,Late,59,0:59,1597516981041743,59579
Hacker Killer,UCMhPLUSdnQyX5d368D61RxQ,,LATE,59,0:59,1597516981070746,59608
Mondrigitomark Mondrigito,UCJvp5iMSjk9iciBYnJNtNOQ,,late,59,0:59,1597516981192226,59729
Rica Mae Cruz,UCMFMizgJa943zfTGummaJgg,,LATE,59,0:59,1597516981214861,59752
Bo Bo,UCCvwY2SCZKReaK65BuDFnoA,,Yesssssyes,59,0:59,1597516981220616,59757
Fox trot,UC1YNyF8PbGjxe5d7yUfx3NA,,EARLY,60,1:00,1597516981606036,60143
Mushui Zhu,UCMvVBswt7yM4R18FJ9GeYFg,,late,60,1:00,1597516981703093,60240
Big Boy,UCFgLdMqzom3RwbUfAE_YAOw,,Early,60,1:00,1597516981927108,60545
Just Chilling,UCY7YQqD0wuMIgVSVqdK6tHA,,POG,60,1:00,1597516982002806,60620
Fred Hutchings,UCfhneD4h2v231hWEyQ4DpXA,,late,60,1:00,1597516982017080,60635
Siempre Fi JRE,UC5VoPOoH7AvhG0Jd7uGUMLA,,we just jumped+ 5000,60,1:00,1597516982078683,60696
keith Mahatamachai,UCM9xchhJ4MY2Gj1Eo0zaJZw,,Late,60,1:00,1597516982150059,60768
KiwiCat Nation,UCVxDA8fdhsh9YaD7Eya3LgA,,21k already????,60,1:00,1597516982367592,60985
Amyk223,UC1YUaUMwptVqCTSgQZzjYZw,,LATE,60,1:00,1597516982380826,60998
Pikachu Chicken,UCGQoAoZoyJO74pZu9XhoI7A,,OMGGGG POGGERS IN THE CHT BOISSS,61,1:01,1597516982581428,61199
Colin Popcorn,UCZ_02Z_BSGLSrwq5E1PFrkQ,,Dream team,61,1:01,1597516982587718,61205
Acoustic Trident,UCU3gvDKo8a_aleIo4q25-oA,New member,late,61,1:01,1597516982671598,61289
Hawaiian Ping,UCU5mrX0ecN1F9q3x3QjC-uA,,SPAM EARLY,61,1:01,1597516982830962,61448
jack raines,UC6wEoNyNFVQsvpLcpBd7sEg,,Late,61,1:01,1597516982834202,61452
Leycree,UCxSjY3bqh84-Q3bWoO0owkA,,EARLY üò°,61,1:01,1597516982881835,61499
thedog man,UCbtsWnwo8lTue68lOC3qUNQ,,LATE,61,1:01,1597516983000705,61618
Kate Walker,UC-FnRsBDi0RhItHDwXqNLqQ,Member (10 months),Late,61,1:01,1597516983316878,61934
Blu Blu,UCKWjOlGZSmKtk5VyVtQlcOQ,,Early,62,1:02,1597516983406330,62024
R,UCTIRo4qf9M1rqPwer_LrFeA,,dreamblade,62,1:02,1597516983825892,62462
Antking5007,UCwDWRfKilLmaysRXBhhKLIA,,Wut,62,1:02,1597516983907071,62543
1WithTheDragon,UC3xKdD3_HG-6_32jgCcygcQ,,LATE,62,1:02,1597516984004483,62641
Fridge Man,UCAf7fG516GBJOzWoWxjtoOQ,,late,62,1:02,1597516984237931,62874
photo.,UCNWPU30Aj5FqO2WI4OBhZ7A,,LATE,62,1:02,1597516984335460,62972
Yetus Metus,UCbcKqgnPM3g2XjU7YW9E3_Q,,Late,63,1:03,1597516984363706,63000
SirDannerz,UC4TU7NfKqPIO2YRjAqHJYlw,,late,63,1:03,1597516984514170,63150
NameOfDisplay,UCXyWrfyei8wonNJ4UllWaXA,,EARLY!,63,1:03,1597516984668964,63305
Ricky Drew,UCYJh5jVPYjUOAc7jbimdZWg,,Late,63,1:03,1597516985121783,63758
stewylove,UCeGQwMbiXkPnbQNeTB5QO0g,,late,63,1:03,1597516985349487,63986
Tony Banan,UCOaXjGo5AJscnodwUYd5lWQ,,early,64,1:04,1597516985382594,64019
Nathan Pendergrast,UCDVKbjEuoz2zUjCBfzai7Bw,,LAAAATE,64,1:04,1597516985456199,64092
Sper cy,UCXXXWutjCliPBBc2UqFDuhg,,late,64,1:04,1597516985480370,64117
fantakilla 1,UCaH4G94LIL1vNo1As6ZCFFg,,‚Äã‚ù§Ô∏è TECHNOSUPPORT‚ù§Ô∏è,64,1:04,1597516985800782,64437
Heck,UC9biwD2iR3oMppVznC8oYJw,,I LOVE YOU TECHNOBLADEEE I LOVEEE YOUU,64,1:04,1597516985836693,64494
Dom the Bomb,UCxseen4X_YkWftRvoCMD1CA,,Earrllyyyy,64,1:04,1597516985984770,64642
Rodrigo Dornelles,UCFmSJ52LBVWGLoF1DgMHDGQ,,late,64,1:04,1597516986315096,64973
nick huynh,UC-os_AnZ9hWZmxdP7EUKdpg,,Late,65,1:05,1597516986360742,65018
Ninjapilot10,UCmWTP1FZiwvUydri4spxHXQ,,LATE,65,1:05,1597516986429757,65087
Wiro,UCk-URBudC0jKtvIGP8CESUQ,,Ô∏è TECHNO SUPPORT‚ù§üíöÔ∏è DREAM BIGüíö,65,1:05,1597516986603773,65261
Spud Matix,UCoysyv6RnxU1Zi3boS6lqWg,,shoosh,65,1:05,1597516986684475,65342
Diih,UCmVJv-N2Qa3v5mn5iF-iEwA,,Sup techno,65,1:05,1597516986746892,65404
"100,000 subscribers with no Vids",UCBrPk-pLye78X_wtkJtKzkA,,Late,65,1:05,1597516986842537,65500
Samuel Fuller,UCdEWbWOML_Lj9Oxt_Lq_4kA,,LATE,65,1:05,1597516986905716,65563
Adler Goehring,UCurSby4KfaAJX-VpzVzZXFA,,Early,65,1:05,1597516987013236,65671
CBYRD,UCkxMCwWdx2i5KoqmRjUX7SQ,,LATE,65,1:05,1597516987021613,65679
Cheesbjrger,UCCKSIlwo_uT4sD3dXbfDs9g,,WITH DREAM OMGGG,65,1:05,1597516987025555,65683
Acid_Trap21,UCWt1KucgwD-MqkyfzXz_-Ig,,EARLY,65,1:05,1597516987094485,65752
Greek,UCaLFNEKBB671imvFmYKtFxA,,Late,65,1:05,1597516987284522,65942
Mr Nobody,UCBN7dry8VPyTiK6GlW2UosA,,Hi,66,1:06,1597516987488086,66146
Daniel LOPEZ,UCe00-Gs8Xp0GQ1o4mKOG7Mg,,Less gooo,66,1:06,1597516987512100,66170
Deni Mozh,UCiOldWjFYZYVrc4Qxo9ZnyQ,,EARLY,66,1:06,1597516987665153,66323
cantankerous,UCwl1bQPIZSFVSwYQ4nQsOoA,,POG,66,1:06,1597516987908848,66598
Jake The Reaper,UC1UtkTXHotr_fI1xDakpdCA,,LATE,66,1:06,1597516987923054,66612
Mason Hong,UC22fblozLVN-CBtZ5jJpPDg,,late,66,1:06,1597516987956631,66646
The Yeetanator,UC1RpsEknCAx42yWArhox97g,,Late,66,1:06,1597516988246689,66936
Cakesismyjam 321,UCo_vuBUpT88zZh6N1B7UWLg,,Mr Beast challenge,67,1:07,1597516988351080,67040
Karique Miller,UCXtBOyZDFs-8sLKBbWQsL7g,,late,67,1:07,1597516988360115,67049
dyslike B0t,UCWtvbh5uMBkUxqxuywTmFhw,,EYYYYYYYYYYYYYY TECHNO,67,1:07,1597516988536116,67225
William Varda,UC7ptBLQaEzSGpVlNUfTBQsA,,LATE,67,1:07,1597516988901835,67591
The Seal,UCQDv2YTaSG5TYJJzQUS0OTQ,,Late,67,1:07,1597516988978164,67667
Funnygirls CZ,UCQ5iecio2GXSwCbEf39KKAg,,LATEEE,68,1:08,1597516989507117,68196
Bobfishguy,UCG6DkEmDi2QDDDmGWWAQAyg,,winners pov?,68,1:08,1597516989724415,68414
Harry Taylor,UCoENCKvKG42O_pivT2gg7Bw,,late,68,1:08,1597516989845997,68535
El Ni√±o,UCxMFuIsUf_SAVgU7WMVt3_Q,,Late,68,1:08,1597516990034047,68685
Something Something,UCSpkpo5E83nkWueV9D4I9VQ,,Early,68,1:08,1597516990107704,68759
Valguth Csongor,UCfVkwRjGnHor70hYLos4L7g,,early,68,1:08,1597516990131183,68782
Y tho,UCdczoXd1xKVYmEZklAh2qdQ,,LMAOOO,69,1:09,1597516990392682,69044
SonOfLostkin,UCx8sWOW0x5rSp2ln0nN--Hg,,POG,69,1:09,1597516990452382,69104
Yessurr,UC9m6phbQD87omUVCmRGAL2g,,dreamblade!!!!,69,1:09,1597516990515948,69167
Minecraft Person,UCL5HKjbzRvXrkI8vNdkS7hA,,EARLY,69,1:09,1597516990530558,69182
Freaking Genius,UCUzZhM0b24GQn4V8Ml8TRLg,,üíûüíûüíûüíû,69,1:09,1597516990593451,69245
Fred Hutchings,UCfhneD4h2v231hWEyQ4DpXA,,late,69,1:09,1597516990621453,69273
entity x,UCvTA11SNsD7rlci4cIi0Iyw,,late,69,1:09,1597516990761571,69413
Krantzy,UCSL-Is5M0Oiky3RPSm-Kg1g,,late,69,1:09,1597516991220685,69872
Wolfie4994,UCrF9j3Cc9vJ1drKU1BpvG-Q,,Late,69,1:09,1597516991259712,69911
T.K.A. Animations,UCVXJjKG3gp9pQpfFSImw_CQ,,LATE,69,1:09,1597516991344887,69996
thesmellybanana 50,UCj3JhxXkr7LsryBe69qhx9g,,Early,70,1:10,1597516991685543,70337
Gabe Animates,UCQJQRSSP5L1FFpz7mD450og,,henlo this is my first stream,70,1:10,1597516991747285,70398
Orenvig,UCG6GPpxFizl7p_HTr96eo4w,,TECHNO AND DREAM OMG THEY WILL DESTROY EVERYONE,70,1:10,1597516991901207,70522
Emilio Chavez,UC0mFr_47FrpfVBxX_6YWCIg,,LATE,70,1:10,1597516991884866,70536
Mole Gang,UC-DLTGuX98vG8VTdIMzoFUg,,LATE,70,1:10,1597516991926379,70547
Sasnakk,UCr6Xc1AnK7_dsc70NdvI06Q,,LATE,70,1:10,1597516992093396,70714
Aeneas Schofield,UCMUnJu6Nn6JrGQvvkHf80sQ,,late,70,1:10,1597516992297815,70919
The C.I.A,UC25sws_kTh8ZmQBiGIGUM8w,,we can't hear you,70,1:10,1597516992365905,70987
BleachyVibx,UCTllhEqkFE_hSigzxIuykzg,,gday to you all,71,1:11,1597516992484929,71106
Anomaly,UCt0gQhfFeIZylSburoHRXvQ,,late,71,1:11,1597516992499101,71120
Aksu15,UCchJe98ZEv7Y-3kRvGP1cjA,,THE DREAM TEAM POGGERS,71,1:11,1597516992525997,71147
Shadow,UClnydCVS7e5wES3NBcbzrOw,,papap,71,1:11,1597516992567164,71188
Robot,UCHEGkT4YiEUJXbiTDS7DsaA,,I like bacon,71,1:11,1597516992755858,71377
Murmel Grumpf,UClhAq7pVmgCM7KVdHhgwkNw,,Late,71,1:11,1597516993226836,71848
CommanderXander,UCJf5PC_rQsiA0bv6LbIE5vQ,,pog squad!,71,1:11,1597516993239150,71860
strawberry smint guy,UCxObbAVIz12Ul_NFY_EN85Q,,first,71,1:11,1597516993275888,71897
Sean Reyes,UCNOHuvSpKWfP84V4nBr_nlw,,late,71,1:11,1597516993347610,71969
Joan Pi√±ol,UC5ZFNlUt8fO0X-Smb4kGf4A,,LATE,72,1:12,1597516993528938,72150
inVince-ible,UCqEddcyaUI0TUelQK_ro5SQ,,latte,72,1:12,1597516993681517,72303
GoLd D RiCe,UCwfVzeLEBcV6C5obHDUcJ-w,,early,72,1:12,1597516993753437,72375
Mistake Child,UC4aiUQ3CJ8kqTO4wwqGe7Cw,,Late,72,1:12,1597516993942815,72597
Hotdog Shober,UC-Gkwhe6g49BgMX1VxUHyHQ,,HE‚ÄôS TOO EARLY,72,1:12,1597516994077229,72732
Zenon64,UCnd38x_LU-Ba2Ys3KdhiWNg,,LATE,72,1:12,1597516994139311,72794
Alex Esquibel,UCfX3EEhnzc7U-KVR9DY6N1A,,Early,72,1:12,1597516994156284,72811
Quentry,UC5C0TG6muVHDikwq7xiXy3w,,late,72,1:12,1597516994156850,72811
Patricia Anne,UCYouKtYZYwiPfpwmX9LJ6CA,,MY HEART SKIPPED A BEAT WAIT,72,1:12,1597516994219248,72874
Samuel Combs,UCoAu4a5YALwj_tHsrk4sffQ,,LATE,72,1:12,1597516994273541,72928
Hayden Ainslie,UCZflM1b6ciPqjjXb5svfzBQ,,dream and techno on one team how is that fair lol scuffed,73,1:13,1597516994397280,73052
Puppet .w.,UCfKEhJ6xXdZk6Tf1z1_S97Q,,TECHOOOO,73,1:13,1597516995216122,73871
Brenon Hanson,UCPJFnUcOqE1o8GnugNGtq9w,,EARLY,74,1:14,1597516995368244,74023
Maria Chiara,UC4zv_YNJ-8TCSar4nA5N-8w,,Late,74,1:14,1597516995462292,74117
LordHeadAss,UCGLHwN3fCUvLwP5D1EWmS1A,,üíöDREAMTECHNO‚ù§,74,1:14,1597516995462768,74117
seinquant,UC6kxuIy2ix2GNaxpGf64F7Q,,BLOOD FOR THE BLOOD GODS,74,1:14,1597516995495657,74150
Targo Ring,UCkovBQHHD8LvBEJFXq7GNww,,LATE LATE LATE,74,1:14,1597516995605993,74260
Antony,UCj9tZblFG3w-QNKyh4VqGrQ,,late,74,1:14,1597516995808233,74463
CalV1N,UCAh8tz3TSNCZ-lomEEFXRig,,LATE,74,1:14,1597516995832860,74487
Ryan Mui,UCIBURtP6Cs8lmBce59WCnyA,,yaaaaaaasssss,74,1:14,1597516995918399,74573
odin haugsb√∏,UCW0dnYf3LOEZqTPjZxjpd0g,,early,74,1:14,1597516996113092,74747
CherryBerry Studios,UCf2WjvdAYJ_w8qva6B54-3Q,,oooooooooooooo,74,1:14,1597516996249019,74883
_Frick_ Head_,UCRE1ZVkKo5pLLv842k9HFEg,,BABABOEY,75,1:15,1597516996447726,75082
Tanmay Joshi,UCESrv5tdrJf1wyAFtOp2fNg,,@The Happy Turtle truw,75,1:15,1597516996833675,75468
Jacob Luke Denosta,UCYig5EIBnvRqgQUWbtQnURA,,thecno the pig,75,1:15,1597516997214356,75849
Goldfinger,UCpWUOSWwuf3oZCwJa6anq5g,,LATE LATE LATE,75,1:15,1597516997287350,75922
Coler 7655,UCwyvCjUXIPJl_IdrC9tzPfQ,,Blood for blood god,75,1:15,1597516997334523,75969
Atahan Sever,UCH_QyX6kVoh3-ChCXgweArA,,late,75,1:15,1597516997349520,75984
*angry duck noises*,UChxwF8ElgK1VJ4XtXLJX5JQ,,EARLY,76,1:16,1597516997515075,76149
V_Low Key,UCpP_AEQJAtt8WsHqFfFlTyA,,‚ù§ TECHNODREAM SUPPORT üíö,76,1:16,1597516997808279,76443
u made god angry,UCF1vInSgI6q5_bkC9IHY8zg,,Hi Techno,76,1:16,1597516997884819,76519
RyderMac101,UCaUC60ebCgNDeUQycwoFH2A,,Late,76,1:16,1597516997943820,76578
Alexander Salling R√∏ber,UCww77qExHO0QHeEsZW8hVcQ,,Late,76,1:16,1597516997994303,76629
Alex 3478 Vase,UC-K7IS0Jatz15Oy7Rc9qOnQ,,Late,76,1:16,1597516998230822,76889
Eoif,UC4BSWhg0WcPHc9Rx0xHg-OQ,,LATE,76,1:16,1597516998240691,76899
Tweemite,UCachSXXqLcEzAr-Twd94wNQ,,sup techno,76,1:16,1597516998340316,76998
JMOBES THE YEETER,UCbjuU2zFq5SMwkR4hyo8pZw,,LATE,77,1:17,1597516998361614,77019
Benjamin Gill,UCPZzbpRm7KiLAnr6QYOX-PQ,,Late,77,1:17,1597516998584111,77242
azxlu,UCsMzeIJGlEEak-IDFGUQdXw,,Late,77,1:17,1597516998680751,77339
T.K.A. Animations,UCVXJjKG3gp9pQpfFSImw_CQ,,LATE,77,1:17,1597516998812238,77470
Shadowguy128,UCGG0yDGm05l0fn4hUNPD8lA,,YEEEEE HELLO TECHNO,77,1:17,1597516999066958,77725
Expired Milk,UCgOg2moajwGvrZctnWS-7dA,,‚ù§TECHNO SUPPORT‚Äã‚Äã‚ù§,77,1:17,1597516999269690,77928
Jonathan Azbell,UCxIajqTWrGpx-rgaMOIGeLg,,Late,78,1:18,1597516999367323,78025
RealToastyBread,UCJAFV5eBTd4LNIthZ29Vurg,,techno michealmcchill and burren support,78,1:18,1597516999387948,78046
ChromaKeyMinor,UCBxS5XQPwWKk7Jrpj3d1ScQ,,"Hello, Technoblade.",78,1:18,1597516999552730,78211
ÈªÉÈáëËâ≤ÁöÑÁÜäÁÜäËªüÁ≥ñ,UC2-TsB6m3pUQKleS11jTiQg,,HiÔºÅÔºÅÔºÅ,78,1:18,1597516999612251,78270
That chip you found on your bed from 3 years ago,UCB0iaiGdWgx6gXA7iHyu6JA,,MY FIRST STREAM ON YOUR CHANNEL üòÑ,78,1:18,1597516999973312,78631
President of the United Crackheads,UC-3_ZBqFRzQVOXivCTdsNBQ,,Late,78,1:18,1597517000021150,78679
bctsct,UCq_ldo_dd19V9FyrO7KuaFA,,LAAAAAAAAAAATE,78,1:18,1597517000259036,78894
Cam ;P,UCBoCiLY0_rOtwwIsU-OYO_Q,,LATE,79,1:19,1597517000515791,79151
John Kincaid,UCoIHmCqu2_1HTEITnFAvRQw,,Late,79,1:19,1597517000998131,79633
Zakboy 0304,UC6QgAieJjoV6WEYb_R5n7OQ,,Lag,79,1:19,1597517001126993,79762
Phong Luu,UCCNO75M2Vaa5g0bzPg0fTfg,,late,80,1:20,1597517001587820,80223
Prisha,UCVRZbLjp-juWf6QEsWfdXUQ,,WOOOOOOOOO,80,1:20,1597517001662900,80298
Jones Bbq,UCcGqpjW0CII3qvvZur2Jdyg,,late,80,1:20,1597517001945244,80580
Paulo Andre Gonzalez Quijano,UCIoifMG8CoZPLfSXezbnqiw,,YOU SHALL WIN,80,1:20,1597517001953453,80588
Frazzle Mc Daz,UCeQjuVJB2HcTTAwoDtvP6nQ,,LATE,80,1:20,1597517001978382,80613
michaelio v r o o m,UCkRGkQilgQQQ12Cr0J3ZxZQ,,lateee,80,1:20,1597517002306618,80920
Lisa De Vries,UC_M0849FcqUW7GPLasIhtdg,,LATTEE,81,1:21,1597517002523322,81137
cookie,UCqmoxXBXAOBYauqyUxRJbkQ,,HI,81,1:21,1597517002576254,81190
Troy Gaming,UC3MNPZWrqVZXIqxqXfq466A,,LATE,81,1:21,1597517002737036,81351
FlckLaMo Moon,UCgvytJslqc6GZotftsR3UUg,,LATE,81,1:21,1597517002877914,81492
Shipra Yadav,UCAu7AIVSZxi3uJEIKWI85mQ,,technoplain,81,1:21,1597517003107213,81721
Heh,UCDBIewDeqr0xoGVTKosZqNQ,,POG,81,1:21,1597517003327510,81941
Joe gaming,UCD_QyGQ7H_TqUOi_BAGT2Ew,,hi I am new,81,1:21,1597517003367793,81981
Nif Yeh,UCS7EgVIC38jC-Rzm315VNUw,,EARLY,82,1:22,1597517003609612,82223
Reagan Renner,UCLiwcxrpzSXBxjhKDlSKlkg,,Dream team,82,1:22,1597517003870113,82484
Steak Pizza Lover,UCXeFWM6STB43uO50TLE_-EQ,,Late,82,1:22,1597517003954128,82568
Shmoop Snoop,UCm8z0_yN4ypxijDZocCjoMw,,I‚Äôm gaming potatoes on skyblock,82,1:22,1597517004103917,82731
Lazaro Rodriguez,UCfopWjrYX8MZ1wZEBfnoQAg,,early,82,1:22,1597517004126151,82753
Daniel Shanchez,UC3kh9uLspkHXzgtUto2p4Qw,,Early,82,1:22,1597517004262956,82890
Legendary Liam,UCkZEUML5Akyts6FmCSfhyQQ,,LATELATE,83,1:23,1597517004534546,83161
Sammi.3x3,UCWcN9xlqJndUzawvEzRP3ag,,Early uwu,83,1:23,1597517004623614,83250
Jake DN,UCa2nzPkLggMX2tjkRfu8Nxw,,Too early,83,1:23,1597517004930972,83558
Mr. Lemon,UCWQofoYQCM1895ae6-EJ5mQ,,late,83,1:23,1597517005019412,83646
Akatosh,UC520mGGCmXJ6u7EIMLCck8w,,LATE,83,1:23,1597517005234733,83862
Richard gaming Game,UCukFt-gTFhwXPH64fTNh-qg,,Late,83,1:23,1597517005319476,83946
trance Clan,UCG9DRwlmrdNo009BBGfO1lA,,still late in Australia hahs,83,1:23,1597517005353855,83981
Specter,UCE0iCcJLBtD9tAlxXbfDbFw,,LATE,84,1:24,1597517005609749,84237
davn,UC45ScLgCsoTtaYdFlEllc7Q,,AUYYYYYYY,84,1:24,1597517005922238,84549
Alex W,UCR2FmPj2uh6Vghl994a6Jlw,,TECHNOBUUUU,84,1:24,1597517006140539,84739
AimMinatti,UCv_pAF3ihxOaKHMjUG9lJtg,,thiccblade,84,1:24,1597517006141915,84741
Jovan Jovanovic,UCLEk8qPYutmyUrN_kst2KwA,,LATE LATE LATE LATE LATE,84,1:24,1597517006238472,84837
PaulSeConnecte,UCIZ4-anmbHEfga9OK1XRpBg,,Helloooooooooo,84,1:24,1597517006342324,84941
Christian R.,UCFb6K0FrmNYgp_wnfWjWUHQ,,technolate,85,1:25,1597517006582318,85181
Ivelin Tsonev,UCUQgoZoweZRybt_P4k9r1Cg,,L,85,1:25,1597517006762150,85361
Dylan Fang,UCYePW9Fvq5GJEzhv8j-Nc7A,,technoplane,85,1:25,1597517006802412,85401
Paul Bejanaru,UC8178JglOPE9RyPC__zQTew,,what is chat lol,85,1:25,1597517007049857,85648
SylasCole,UCPZNggXKEvijiRRBipTIwXQ,,BLOOD FOR THE BLOOD GOD‚öî‚öîüó°‚öîüó°‚öî‚ù§,85,1:25,1597517007053005,85652
Jenit,UCCq0m8927ZWrWlbQB62sQMw,,LATE,85,1:25,1597517007074086,85673
ARELY & LALO,UCx1SHLjm6B5tc78ewnTzjTg,,why did it have be today,85,1:25,1597517007152902,85751
Eric Russell,UCApdxWD31SokaTfSTlj64jQ,,LATE,85,1:25,1597517007295339,85894
Hilson Guy,UCN9s4SSgJzjxMUlzECiFMBg,,LATE,86,1:26,1597517007485333,86084
Joshua West,UC06bn09l9xCVo0bKklqEymg,,LATE,86,1:26,1597517007517136,86116
Negus_ Gamer2007,UCAGH6oWjej5JlQPFUmkInDw,,Early,86,1:26,1597517007784525,86383
Beckett Thomson,UC47wSubRNMS8VySkA4ZX-qw,,late,86,1:26,1597517007827526,86426
Moh'd Ward Qais Marouf Shqair,UC8JIn2b66zmJIhGCQconFFA,,‚ù§TECHNO SUPPORT‚ù§,86,1:26,1597517008036990,86636
Lance Schneider,UCWs4G-j4XMPEtvjOuR771jg,,Late,86,1:26,1597517008294507,86910
Mind player,UCQglC_rx7uGMiQa7stl4auw,,early,86,1:26,1597517008359341,86975
mean Mug,UCXcfPDJmT6t0My_7sB75kMA,,late,86,1:26,1597517008371748,86987
Ink Sans,UC-Qht7knxCgPW3Ij4wGCn0A,,hi,87,1:27,1597517008603237,87219
Silxnce0,UCxyE6HkKwTC9aHMD5GKc1Qg,,late,87,1:27,1597517008705324,87321
Fire emblem fan13,UCdk19Vs0lwg7-Q06aovbQCw,,Early,87,1:27,1597517008843276,87459
PyonMu_D,UCbzXbreDRe3SCzaebybuqZg,,I'M EARLY-,87,1:27,1597517008987083,87603
Mihai Dragu»õa,UCcIDXWQ3igEWNwHyM_FOZPA,,Realy,87,1:27,1597517009156233,87772
A person,UCQPkpRCmetZDXf21F_-uyow,,"started early, huh",87,1:27,1597517009282941,87898
Fred Hutchings,UCfhneD4h2v231hWEyQ4DpXA,,late,88,1:28,1597517009667656,88283
Cursed Rowlet,UC0TRK_rgLZZsV1X1PzWAdOQ,,LATE AF,88,1:28,1597517009669274,88285
Error,UCsIOM-z5WBy1TfNn9EAaWHg,,TECHNOOOOOOOOOOO,88,1:28,1597517009861915,88477
Chris Pavia,UCtK7lepy8QkAPSsbqRYiffQ,,LATE,88,1:28,1597517009866915,88482
Xykiller,UC2GxIiSttb2175_5kG7V91w,,Hi,88,1:28,1597517009906801,88522
FlashBang,UCZAvaSl2vUGP3oLEXCWAP-Q,,Late,89,1:29,1597517010348206,89033
MMD,UCBEOdlHzi3J6YSz_s0stChQ,,TOO EARLY,89,1:29,1597517010942967,89628
Maffy321,UCbkb_PCMdXJiUQKzd0-uo3w,,techno blade ur bad,89,1:29,1597517010969687,89655
Hacker Killer,UCMhPLUSdnQyX5d368D61RxQ,,Late,89,1:29,1597517011052646,89738
Aiden Herrera,UCAfoUHYwdGuXrkoZDZgfnlQ,,Just here before dream streams don‚Äôt mind me,90,1:30,1597517011472396,90158
Maisy Richards,UCDbhGCEs4LtaIEMmbv6hjeg,,late,90,1:30,1597517011568045,90253
The Official GRINDER,UCvOYN06tVo2JCWxArjtLIfA,,Late,90,1:30,1597517011865333,90551
Abby F,UCsqqE_0z4gcVsr0hb4p2HZA,,LATE,90,1:30,1597517011944016,90629
Alex4Chaos,UCglokgiD8HKMfYWeGOtVJOg,,late,90,1:30,1597517011969383,90655
M8 1091,UCz_XisVJa_MVXWGC3jA8yqA,,early,90,1:30,1597517012211025,90896
Techno the god,UCxPNHT4y9XsUSZjZ0CMAjTg,,When is bannerlord,91,1:31,1597517012699491,91345
Landon,UCBGHeZfFG1tBPTV10ffUlRw,,EARLY,91,1:31,1597517012845700,91492
Yarito,UC7meaKMfOSpLocSnbWdbszQ,,LATE AAA,91,1:31,1597517013108988,91755
v78designer,UCT7MuM_6DNZ-fzgKpOrZ5RA,,LATE,91,1:31,1597517013117088,91763
Rachel,UCUfiRkTJ3yCP2cq-B7TIXVg,,HI <33,92,1:32,1597517013384546,92030
Simon Panis,UC0c44svXBKD5XWA8X60HDKA,,Dreammmmmmmmm,92,1:32,1597517013451458,92097
Shakazar,UC2aZdf3qz_dMopP9_DBJQfA,,late,92,1:32,1597517013889441,92535
Esko,UCBKqXFANHHgrSZdkmCiCCpw,,play your boss music,92,1:32,1597517014146160,92792
OceanicXD,UCBMmYCs8svV-ktLSXSwWSWQ,,‚úàT E C H N O P L A N E‚úà,92,1:32,1597517014255964,92902
Ninja 69 420,UCDjc9ud999iYeqbzEhA21Xw,,EARLY,93,1:33,1597517014401438,93033
TheDIOeffect,UClvjJp9B3xiO5l0554e7ivg,,LATE,93,1:33,1597517015033520,93665
Aadit Naik,UCEVdyR_ES1HT3yAMhEzLQsA,,eatly,93,1:33,1597517015052235,93684
Reise,UCkKBl0wR6DyKOVIqcdJsQTA,,late,94,1:34,1597517015656264,94288
Joyte,UCd9O1U2HhsgBx8z_gYc-thQ,,LATE,94,1:34,1597517015676718,94309
William Xu,UCtHVTCjRXcttV_CGWdPzFgA,,DREAAAM EWW,94,1:34,1597517015737350,94369
Stardust3200,UCIxqxdWqIW_7SaM3xpCDBEQ,,Hes back!,94,1:34,1597517015872857,94505
HalfNoob,UC8tQT3eZd_qFuHqgllyUy6A,,@AlaaXCraft,94,1:34,1597517016264628,94897
Hrian Boyer,UCv4bqbBFqETxMYwCFhxIbPg,,NOT LATE POG,94,1:34,1597517016278307,94910
AaronMcBuilder,UC-h85MAleFSr4n3IjeipstA,,REEEEEEEEEEEEEEEEEEEE,95,1:35,1597517016429163,95086
Yes I am A R I,UC_K4_7JIj1JtBngcczjA3jQ,,"I‚Äôm watching Dream, Techno, and BBH on three devices üò§üíÖ",95,1:35,1597517016584732,95241
Cam ;P,UCBoCiLY0_rOtwwIsU-OYO_Q,,LATEEEEE,95,1:35,1597517016619458,95276
Benjamin Gill,UCPZzbpRm7KiLAnr6QYOX-PQ,,Late,95,1:35,1597517016757181,95414
Gery 123,UC53Ru2ivaO76evbGrDn0wrw,,Late,95,1:35,1597517016769644,95426
Yeet Police,UCaTZ3KCl0KpBtfgdtmDM54g,,Late,95,1:35,1597517016916900,95574
Awesome delta8,UCSDgHlDXsX52C3JMdc5HyZw,,late,95,1:35,1597517017095850,95752
Peak Star,UCm-832GyAXSuFY98QSBShmQ,,hi ayan,95,1:35,1597517017144857,95801
Speakamumbo Gaming,UCQmZwRwqlMuEIKDzKUwY9sA,,im late im sad,95,1:35,1597517017295497,95952
Negus_ Gamer2007,UCAGH6oWjej5JlQPFUmkInDw,,Late,96,1:36,1597517017499472,96156
Nir Goldstein,UCUKM7_VebCVGpOIZWFrDNog,,"How could you techno, so early?!",96,1:36,1597517017988435,96645
Postmaster,UC9kwVb4LzPyRQPUtqKdbkcw,,36k already THATS crazy,96,1:36,1597517018021952,96679
dragonboi80,UCyWGgD1CrkPZyve--e9ggTQ,,EARLY,96,1:36,1597517018047375,96704
Big ThOnk,UCQ-nW1GrcZS-UichOnIEQuA,,EARLY,96,1:36,1597517018097575,96754
Oscar Kristiansson,UCBknV4k_iSO5K-umQi-Yvrg,,Late,96,1:36,1597517018325206,96982
Jake The Reaper,UC1UtkTXHotr_fI1xDakpdCA,,LATE,97,1:37,1597517018358321,97015
Jaden Drummond,UCw4RENxNR-f7FqgA7UVfSvQ,,EARLYYYY,97,1:37,1597517018792258,97420
Awesome Stuff Gaming,UCOLhvNheCnOtOflvpRyfA8A,,What do people mean ‚ÄúLate‚Äù,97,1:37,1597517018854561,97482
Chroma,UCwlulXAWd_WNnVxvzRDq-Gg,,LATE,97,1:37,1597517018860236,97488
ClassicGoose,UCxHQYTWuJGzElSEM6ZR4AqA,,Who is More?,97,1:37,1597517018958918,97586
maybeitsright,UCQ1SBjH_9gwsx947WISQxTg,,late,97,1:37,1597517019071104,97698
CallMeChicken,UCb6f3Wgeg_06_SwBeSlztYw,,Late,97,1:37,1597517019071642,97699
RoGue,UCGP7dUjqcgOK_ZgpllbVGAg,,Double trouble,97,1:37,1597517019186453,97814
TheGoodBoiMLG,UCQiXzigyHLVWgn6x6cjZdww,,TECHNOSUPPORT,97,1:37,1597517019225739,97853
Fire Emblem,UCDyHBGuZhnBV41Url8rosFg,,Late,97,1:37,1597517019257873,97885
NoMicGamer88,UCOqUp6zcxk8dkHk4uApnS3g,,tenco bladeeee,97,1:37,1597517019292880,97920
johanna,UCgHIzD-OK0fgg5txhOiLqYw,,late,98,1:38,1597517019463263,98091
Nightrush gaming,UCszqOMVp8JfBvFVEO8D9uOw,,blood for the blood god,98,1:38,1597517019483780,98111
Lazaro Rodriguez,UCfopWjrYX8MZ1wZEBfnoQAg,,early,98,1:38,1597517019528447,98156
yari pingu,UCqQK3rlLkO4jYeBqwosKokA,,late,98,1:38,1597517019535073,98162
RealToastyBread,UCJAFV5eBTd4LNIthZ29Vurg,,techno michealmcchill and burren,98,1:38,1597517019543803,98171
Dibzo,UC3xDgR2QXFrCnwQiZEnWLMQ,,L,98,1:38,1597517019621784,98249
Sharkky,UCdmSMpItOul0QYpsjaHdE3Q,,LATE,98,1:38,1597517019663799,98291
RedThorne Gamer,UCsxxETfFNvkqoeZPVOK-HEw,,i think im late:(,98,1:38,1597517019940935,98568
Wat Wat,UCSTcr-EeOvNbF2vjJdV8p7A,,Late,98,1:38,1597517019997951,98625
ElitePhoenix,UC4J7iljmYP3ZDNuNsU_96sg,,LATE,98,1:38,1597517020008513,98636
Ty,UCaEhsquhUXYavCrVMdL4huA,,Late,98,1:38,1597517020190862,98818
Roblox Grinders,UCT9YCFee13jzX_2IrBOIJhw,,LATE,98,1:38,1597517020214916,98842
Jasmin Zapata,UCMaqIFxwS08T3bQxz_xEd_w,,late,98,1:38,1597517020235616,98863
Key,UChWkLEc3Kf3tMuyaxe51U8g,,:chillwcat:,99,1:39,1597517020392997,99020
Tablet Telcom,UCBh7NkWRcYDD4d8XIARnCMg,,hi,99,1:39,1597517020433628,99061
Killer 9,UCJHpLYOKZSoLT2AskyFKF4Q,,‚ù§TECHNO SUPPORT‚ù§,99,1:39,1597517020940659,99611
King Nautulus,UCPCE0f3ZfYCkV3gYA37PTpw,,TECHNOLATE,100,1:40,1597517021449528,100120
thebrandofepicness,UC-wZvbFobmhZkBP5AnAQFMQ,,LATE,100,1:40,1597517021717405,100388
DrakoVenturi,UCBrluDUTkKa-JKqZVUqDpEQ,,LATE,100,1:40,1597517021941223,100611
P##P mast3r,UCMxEXf6yw56X-KmN1LBb7kg,,Very earlate,100,1:40,1597517022023888,100694
Statue/ /IHaveDiscord,UCEzrEQ-ZBTDIUJzwkmlqg8w,,hello,100,1:40,1597517022233492,100904
Catpotato,UChznPfC0gICN7h2H-SI6eyw,,TECHNICALLY LATE,100,1:40,1597517022307943,100978
